id_player,player_name,nationality,field_position,position,weight(kg),height(cm),age,team_id,country,team,assists,corners_taken,offsides,dribbles,total_attempts,attempts_on_target,attempts_off_target,blocked,balls_recovered,tackles,tackles_won,tackles_lost,clearance_attempted,fouls_committed,fouls_suffered,yellow_cards,red_cards,passing_accuracy(%),passes_attempted,passes_completed,crossing_accuracy(%),crosses_attempted,crosses_completed,free_kick_taken,matches_appearance,saves,goals_conceded,saves_on_penalty,clean_sheets,punches_made,goals,inside_area,outside_area,right_foot,left_foot,head,other,penalties_scored,distance_covered(km/h),top_speed,minutes_played,avg_goals_per_game,assists_per_90,passes_per_90,team_index,showman_index,appearance,aggression_index,runner_index,saves_per_90,clean_sheets_per_90,goals_conceded_per_90,punches_made_per_90,saves_per_90_scaled,clean_sheets_per_90_scaled,goals_conceded_per_90_scaled,punches_made_per_90_scaled,height(cm)_scaled,weight(kg)_scaled,saves_on_penalty_scaled,archetype,archetype_name
250171278,David Raya,Spain,Goalkeeper,UNKNOWN,76.08451324511545,183.95375652073713,29,52280,England,Arsenal FC,0.0,0.0,0.0,0.0,0.0,0.0,0.0,0.0,0.0,0.0,0.0,0.0,0.0,0.0,1.0,0,0,73.0,121.0,87.0,0.0,0.0,0.0,11.0,4.0,5.0,1.0,0.0,3.0,1.0,0.0,0.0,0.0,0.0,0.0,0.0,0.0,0.0,25.36,27.59,360.0,0.0,0.0,21.75,47.825,0.0,182.0,0.0,52.95,1.25,0.75,0.25,0.25,-0.07555115371468982,2.4597674198915382,-0.40466398549801347,0.03226737571500932,-1.3995847397676284,-0.49366572589649454,-0.24889134708717228,0,Shot Stopper
102420,Péter Gulácsi,Hungary,Goalkeeper,GOALKEEPER,81.30326634649917,190.0,34,2603790,Germany,RB Leipzig,0.0,0.0,0.0,0.0,0.0,0.0,0.0,0.0,0.0,0.0,0.0,0.0,1.0,0.0,0.0,0,0,94.5,175.0,166.0,0.0,0.0,0.0,10.0,4.0,12.0,9.0,0.0,0.0,1.0,0.0,0.0,0.0,0.0,0.0,0.0,0.0,0.0,23.21,24.09,360.0,0.0,0.0,41.5,67.75,0.0,182.0,0.0,47.3,3.0,0.0,2.25,0.25,0.7713026761834316,-0.4558552979479144,1.4452878992249742,0.03226737571500932,0.7058819950951812,0.7672388041160073,-0.24889134708717228,2,Commanding Keeper
250006714,Marco Bizot,Netherlands,Goalkeeper,GOALKEEPER,86.38843519686804,194.0,33,2601306,France,Stade Brestois 29,0.0,0.0,0.0,0.0,0.0,0.0,0.0,0.0,0.0,0.0,0.0,0.0,3.0,0.0,1.0,0,0,62.5,133.0,84.0,0.0,0.0,0.0,27.0,4.0,9.0,3.0,0.0,1.0,6.0,0.0,0.0,0.0,0.0,0.0,0.0,0.0,0.0,22.1,26.53,360.0,0.0,0.0,21.0,44.6,0.0,182.0,0.0,48.63,2.25,0.25,0.75,1.5,0.4083653205128081,0.5160189413319033,0.057823985682733475,2.9189784079496626,2.0987909919518533,1.9958680024600508,-0.24889134708717228,2,Commanding Keeper
250063980,Timon Wellenreuther,Germany,Goalkeeper,UNKNOWN,76.20004833009955,186.0,28,52749,Netherlands,Feyenoord,0.0,0.0,0.0,0.0,0.0,0.0,0.0,0.0,0.0,0.0,0.0,0.0,4.0,1.0,3.0,0,0,79.75,143.0,113.0,0.0,0.0,0.0,8.0,4.0,12.0,10.0,1.0,0.0,3.0,0.0,0.0,0.0,0.0,0.0,0.0,0.0,0.0,21.67,26.7,360.0,0.0,0.0,28.25,54.675,0.0,182.0,0.375,48.370000000000005,3.0,0.0,2.5,0.75,0.7713026761834316,-0.4558552979479144,1.6765318848153479,1.1869517886088707,-0.6870270017614908,-0.4657512587427967,4.0178174601214955,2,Commanding Keeper
98078,Simon Mignolet,Belgium,Goalkeeper,GOALKEEPER,87.2893523341707,193.0,36,50043,Belgium,Club Brugge KV,0.0,0.0,0.0,0.0,0.0,0.0,0.0,0.0,0.0,0.0,0.0,0.0,4.0,0.0,1.0,0,0,92.25,135.0,123.0,0.0,1.0,0.0,6.0,4.0,8.0,6.0,0.0,2.0,2.0,0.0,0.0,0.0,0.0,0.0,0.0,0.0,0.0,21.18,23.62,360.0,0.0,0.0,30.75,59.625,0.0,182.0,0.0,44.8,2.0,0.5,1.5,0.5,0.2873862019559336,1.4878931806117208,0.7515559424538539,0.6096095821619401,1.7505637427376854,2.2135388670368052,-0.24889134708717228,0,Shot Stopper
250121017,Dmytro Riznyk,Ukraine,Goalkeeper,GOALKEEPER,78.45953454344672,185.36814992984762,25,52707,Ukraine,FC Shakhtar Donetsk,0.0,0.0,0.0,0.0,0.0,0.0,0.0,0.0,0.0,0.0,0.0,0.0,4.0,0.0,1.0,0,0,75.25,187.0,138.0,0.0,0.0,0.0,1.0,4.0,11.0,5.0,1.0,1.0,2.0,0.0,0.0,0.0,0.0,0.0,0.0,0.0,0.0,20.88,25.77,360.0,0.0,0.0,34.5,59.150000000000006,0.0,182.0,0.0,46.65,2.75,0.25,1.25,0.5,0.6503235576265571,0.5160189413319033,0.5203119568634804,0.6096095821619401,-0.9070544136064338,0.08016389504266372,4.0178174601214955,2,Commanding Keeper
250087102,Alexander Nübel,Germany,Goalkeeper,GOALKEEPER,87.37814143113928,193.0,28,50107,Germany,VfB Stuttgart,0.0,0.0,0.0,0.0,0.0,0.0,0.0,0.0,0.0,0.0,0.0,0.0,3.0,0.0,0.0,0,0,84.25,156.0,132.0,0.0,0.0,0.0,4.0,4.0,10.0,6.0,0.0,1.0,0.0,0.0,0.0,0.0,0.0,0.0,0.0,0.0,0.0,20.78,23.2,360.0,0.0,0.0,33.0,59.2,0.0,182.0,0.0,43.980000000000004,2.5,0.25,1.5,0.0,0.5293444390696826,0.5160189413319033,0.7515559424538539,-0.5450748307319213,1.7505637427376854,2.234991227861026,-0.24889134708717228,0,Shot Stopper
250105818,Peter Vindahl,Denmark,Goalkeeper,UNKNOWN,76.05857704370918,189.1286971097391,26,50033,Czechia,AC Sparta Praha,0.0,0.0,0.0,0.0,0.0,0.0,0.0,0.0,0.0,0.0,0.0,0.0,3.0,0.0,2.0,0,0,50.75,145.0,81.0,0.0,0.0,0.0,16.0,4.0,21.0,8.0,0.0,1.0,6.0,0.0,0.0,0.0,0.0,0.0,0.0,0.0,0.0,20.74,27.01,360.0,0.0,0.0,20.25,40.875,0.0,182.0,0.0,47.75,5.25,0.25,2.0,1.5,1.860114743195302,0.5160189413319033,1.2140439136346008,2.9189784079496626,0.40247058638727656,-0.49993217943609736,-0.24889134708717228,2,Commanding Keeper
250012069,Jan Oblak,Slovenia,Goalkeeper,GOALKEEPER,87.5057652391821,186.0,31,50124,Spain,Atlético de Madrid,0.0,0.0,0.0,0.0,0.0,0.0,0.0,0.0,0.0,0.0,0.0,0.0,2.0,0.0,0.0,0,0,80.25,82.0,65.0,0.0,0.0,0.0,7.0,4.0,17.0,9.0,0.0,0.0,1.0,0.0,0.0,0.0,0.0,0.0,0.0,0.0,0.0,19.96,24.14,360.0,0.0,0.0,16.25,45.175000000000004,0.0,182.0,0.0,44.1,4.25,0.0,2.25,0.25,1.376198268967804,-0.4558552979479144,1.4452878992249742,0.03226737571500932,-0.6870270017614908,2.2658264550833986,-0.24889134708717228,2,Commanding Keeper
250124006,Franco Israel,Uruguay,Goalkeeper,UNKNOWN,75.65601727085375,187.9763901970532,24,50149,Portugal,Sporting Clube de Portugal,0.0,0.0,0.0,0.0,0.0,0.0,0.0,0.0,0.0,0.0,0.0,0.0,2.0,0.0,1.0,0,0,80.75,134.0,108.0,0.0,0.0,0.0,11.0,4.0,17.0,2.0,0.0,2.0,3.0,0.0,0.0,0.0,0.0,0.0,0.0,0.0,0.0,19.89,22.6,360.0,0.0,0.0,27.0,53.800000000000004,0.0,182.0,0.0,42.49,4.25,0.5,0.5,0.75,1.376198268967804,1.4878931806117208,-0.17341999990764,1.1869517886088707,0.0012059199321946168,-0.5971947690496251,-0.24889134708717228,0,Shot Stopper
97746,Yann Sommer,Switzerland,Goalkeeper,GOALKEEPER,77.16139292375365,183.0,35,50138,Italy,FC Internazionale Milano,0.0,0.0,0.0,1.0,0.0,0.0,0.0,0.0,0.0,0.0,0.0,0.0,5.0,0.0,1.0,0,0,82.0,184.0,154.0,0.0,0.0,0.0,10.0,4.0,15.0,0.0,0.0,4.0,4.0,0.0,0.0,0.0,0.0,0.0,0.0,0.0,0.0,19.84,21.24,360.0,0.0,0.0,38.5,62.75,0.25,182.0,0.0,41.08,3.75,1.0,0.0,1.0,1.134240031854055,3.431641659171356,-0.6359079710883869,1.7642939950558014,-1.7317087494039949,-0.2334804979896029,-0.24889134708717228,0,Shot Stopper
250135068,Lucas Chevalier,France,Goalkeeper,GOALKEEPER,76.34841109509435,186.2240855178383,23,75797,France,LOSC Lille,0.0,0.0,0.0,0.0,0.0,0.0,0.0,0.0,0.0,0.0,0.0,0.0,8.0,0.0,0.0,0,0,65.0,142.0,93.0,0.0,0.0,0.0,10.0,4.0,13.0,4.0,0.0,1.0,1.0,0.0,0.0,0.0,0.0,0.0,0.0,0.0,0.0,19.66,24.81,360.0,0.0,0.0,23.25,47.175000000000004,0.0,182.0,0.0,44.47,3.25,0.25,1.0,0.25,0.8922817947403061,0.5160189413319033,0.28906797127310696,0.03226737571500932,-0.6089943182959306,-0.4299052858000409,-0.24889134708717228,1,Sweeper Keeper
250123304,Kjell Scherpen,Netherlands,Goalkeeper,GOALKEEPER,75.07506968056968,189.7766290401078,24,50111,Austria,SK Sturm Graz,0.0,0.0,0.0,0.0,0.0,0.0,0.0,0.0,0.0,0.0,0.0,0.0,2.0,0.0,1.0,0,0,72.75,119.0,85.0,0.0,0.0,0.0,8.0,4.0,14.0,6.0,0.0,0.0,4.0,0.0,0.0,0.0,0.0,0.0,0.0,0.0,0.0,19.64,22.24,360.0,0.0,0.0,21.25,47.375,0.0,182.0,0.0,41.879999999999995,3.5,0.0,1.5,1.0,1.0132609132971806,-0.4558552979479144,0.7515559424538539,1.7642939950558014,0.6280981401775896,-0.7375576936905331,-0.24889134708717228,2,Commanding Keeper
250105612,Marco Carnesecchi,Italy,Goalkeeper,UNKNOWN,76.13091659562164,187.80012891861728,24,52816,Italy,Atalanta BC,0.0,0.0,0.0,0.0,0.0,0.0,0.0,0.0,0.0,0.0,0.0,0.0,3.0,0.0,0.0,0,0,63.0,129.0,78.0,0.0,0.0,0.0,11.0,4.0,4.0,0.0,0.0,4.0,4.0,0.0,0.0,0.0,0.0,0.0,0.0,0.0,0.0,19.02,29.6,360.0,0.0,0.0,19.5,43.95,0.0,182.0,0.0,48.620000000000005,1.0,1.0,0.0,1.0,-0.1965302722715643,3.431641659171356,-0.6359079710883869,1.7642939950558014,-0.06017306020052203,-0.4824541982146222,-0.24889134708717228,0,Shot Stopper
250157134,Dominik Takáč,Slovakia,Goalkeeper,Unknown,76.10532447301972,185.1297821163941,25,52797,Slovakia,ŠK Slovan Bratislava,0.0,0.0,0.0,0.0,0.0,0.0,0.0,0.0,0.0,0.0,0.0,0.0,1.0,0.0,1.0,0,0,65.0,83.0,53.0,0.0,0.0,0.0,6.0,4.0,23.0,15.0,1.0,0.0,1.0,0.0,0.0,0.0,0.0,0.0,0.0,0.0,0.0,18.72,23.35,360.0,0.0,0.0,13.25,38.275000000000006,0.0,182.0,0.0,42.07,5.75,0.0,3.75,0.25,2.102072980309051,-0.4558552979479144,2.8327518127672153,0.03226737571500932,-0.9900605815865496,-0.4886375187692661,4.0178174601214955,2,Commanding Keeper
74954,Kasper Schmeichel,Denmark,Goalkeeper,GOALKEEPER,76.41729292023032,185.0,38,50050,Scotland,Celtic FC,0.0,0.0,0.0,0.0,0.0,0.0,0.0,0.0,0.0,0.0,0.0,0.0,1.0,1.0,0.0,1,0,88.0,145.0,126.0,0.0,0.0,0.0,8.0,4.0,17.0,9.0,0.0,1.0,4.0,0.0,0.0,0.0,0.0,0.0,0.0,0.0,0.0,18.61,22.89,360.0,0.0,0.0,31.5,59.150000000000006,0.25,182.0,1.125,41.5,4.25,0.25,2.25,1.0,1.376198268967804,0.5160189413319033,1.4452878992249742,1.7642939950558014,-1.0352542509756588,-0.4132627270006121,-0.24889134708717228,2,Commanding Keeper
250040573,Łukasz Skorupski,Poland,Goalkeeper,UNKNOWN,81.17193616094167,187.0,33,52969,Italy,Bologna FC 1909,0.0,0.0,0.0,0.0,0.0,0.0,0.0,0.0,0.0,0.0,0.0,0.0,5.0,0.0,2.0,0,0,81.75,132.0,109.0,0.0,0.0,0.0,9.0,4.0,10.0,5.0,1.0,1.0,3.0,0.0,0.0,0.0,0.0,0.0,0.0,0.0,0.0,18.15,27.16,360.0,0.0,0.0,27.25,54.075,0.0,182.0,0.0,45.31,2.5,0.25,1.25,0.75,0.5293444390696826,0.5160189413319033,0.5203119568634804,1.1869517886088707,-0.3387997525473228,0.7355080778908233,4.0178174601214955,2,Commanding Keeper
250113444,Anatoliy Trubin,Ukraine,Goalkeeper,GOALKEEPER,74.99388130354072,186.49558426548447,23,50147,Portugal,SL Benfica,0.0,0.0,0.0,0.0,0.0,0.0,0.0,0.0,0.0,0.0,0.0,0.0,1.0,0.0,0.0,0,0,82.25,119.0,97.0,0.0,0.0,0.0,9.0,4.0,14.0,5.0,0.0,1.0,5.0,0.0,0.0,0.0,0.0,0.0,0.0,0.0,0.0,17.81,22.68,360.0,0.0,0.0,24.25,52.074999999999996,0.0,182.0,0.0,40.489999999999995,3.5,0.25,1.25,1.25,1.0132609132971806,0.5160189413319033,0.5203119568634804,2.341636201502732,-0.5144510562380108,-0.7571736422497862,-0.24889134708717228,2,Commanding Keeper
250085475,Paulo Gazzaniga,Argentina,Goalkeeper,UNKNOWN,76.80507563164826,186.16735166181326,32,2602798,Spain,Girona FC,0.0,0.0,0.0,1.0,0.0,0.0,0.0,0.0,0.0,0.0,0.0,0.0,3.0,0.0,0.0,2,0,74.75,145.0,110.0,0.0,0.0,0.0,6.0,4.0,16.0,8.0,1.0,1.0,2.0,0.0,0.0,0.0,0.0,0.0,0.0,0.0,0.0,17.81,23.12,360.0,0.0,0.0,27.5,52.650000000000006,0.75,182.0,1.5,40.93,4.0,0.25,2.0,0.5,1.2552191504109296,0.5160189413319033,1.2140439136346008,0.6096095821619401,-0.6287505929168408,-0.3195704277121541,4.0178174601214955,2,Commanding Keeper
250042780,Mike Maignan,France,Goalkeeper,GOALKEEPER,82.16075195169856,187.0,29,50058,Italy,AC Milan,0.0,0.0,0.0,1.0,0.0,0.0,0.0,0.0,0.0,0.0,0.0,0.0,1.0,0.0,3.0,0,0,85.0,151.0,127.0,0.0,0.0,0.0,7.0,4.0,27.0,5.0,0.0,0.0,3.0,0.0,0.0,0.0,0.0,0.0,0.0,0.0,0.0,18.77,26.4,321.0,0.0,0.0,35.60747663551402,59.782242990654204,0.2803738317757009,162.5,0.0,45.17,7.5700934579439245,0.0,1.4018691588785046,0.8411214953271028,2.9828461892418097,-0.4558552979479144,0.6607872752127727,1.3973849292764435,-0.3387997525473228,0.9744161629624607,-0.24889134708717228,2,Commanding Keeper
97923,Manuel Neuer,Germany,Goalkeeper,GOALKEEPER,93.27054192731586,193.0,38,50037,Germany,FC Bayern München,0.0,0.0,0.0,0.0,0.0,0.0,0.0,0.0,0.0,0.0,0.0,0.0,0.0,0.0,1.0,0,0,90.75,156.0,139.0,0.0,0.0,0.0,6.0,4.0,1.0,5.0,0.0,2.0,0.0,0.0,0.0,0.0,0.0,0.0,0.0,0.0,0.0,21.67,24.91,315.0,0.0,0.0,39.714285714285715,63.814285714285724,0.0,159.5,0.0,46.58,0.2857142857142857,0.5714285714285714,1.4285714285714286,0.0,-0.5421848967197772,1.7655715346916687,0.6854862322851758,-0.5450748307319213,1.7505637427376854,3.65865591058131,-0.24889134708717228,0,Shot Stopper
250051291,Janis Blaswich,Germany,Goalkeeper,UNKNOWN,75.53501300974735,193.0,33,50030,Austria,FC Salzburg,0.0,0.0,0.0,0.0,0.0,0.0,0.0,0.0,0.0,0.0,0.0,0.0,2.0,0.0,0.0,1,0,79.0,114.0,83.0,0.0,0.0,0.0,4.0,4.0,10.0,9.0,0.0,0.0,2.0,0.0,0.0,0.0,0.0,0.0,0.0,0.0,0.0,18.97,25.51,291.0,0.0,0.0,25.670103092783506,50.70103092783505,0.30927835051546393,147.5,0.9278350515463918,44.480000000000004,3.0927835051546393,0.0,2.783505154639175,0.6185567010309279,0.8162021428643336,-0.4558552979479144,1.93876733239206,0.883400731611,1.7505637427376854,-0.6264306455158694,-0.24889134708717228,2,Commanding Keeper
250081721,Iñaki Peña,Spain,Goalkeeper,UNKNOWN,78.0219399450003,187.48739551226038,25,50080,Spain,FC Barcelona,0.0,0.0,0.0,0.0,0.0,0.0,0.0,0.0,0.0,0.0,0.0,0.0,1.0,0.0,0.0,0,0,86.67,82.0,69.0,0.0,0.0,0.0,5.0,3.0,3.0,3.0,0.0,1.0,3.0,0.0,0.0,0.0,0.0,0.0,0.0,0.0,0.0,18.16,25.87,270.0,0.0,0.0,23.0,49.768,0.0,136.5,0.0,44.03,1.0,0.3333333333333333,1.0,1.0,-0.1965302722715643,0.8399770210918425,0.28906797127310696,1.7642939950558014,-0.16907535403356125,-0.02556346947737839,-0.24889134708717228,0,Shot Stopper
250069832,Gregor Kobel,Switzerland,Goalkeeper,GOALKEEPER,75.33200848299843,189.62525364059758,26,52758,Germany,Borussia Dortmund,0.0,0.0,0.0,0.0,0.0,0.0,0.0,0.0,0.0,0.0,0.0,0.0,7.0,0.0,0.0,0,0,88.34,112.0,100.0,0.0,0.0,0.0,3.0,3.0,12.0,6.0,0.0,1.0,1.0,0.0,0.0,0.0,0.0,0.0,0.0,0.0,0.0,15.94,22.23,270.0,0.0,0.0,33.333333333333336,56.53600000000001,0.0,136.5,0.0,38.17,4.0,0.3333333333333333,2.0,0.3333333333333333,1.2552191504109296,0.8399770210918425,1.2140439136346008,0.22471477786398616,0.5753851012074517,-0.6754786311971386,-0.24889134708717228,2,Commanding Keeper
1907188,Lukas Hradecky,Finland,Goalkeeper,GOALKEEPER,82.10278610067316,190.0,34,50109,Germany,Bayer 04 Leverkusen,0.0,0.0,0.0,0.0,0.0,0.0,0.0,0.0,0.0,0.0,0.0,0.0,3.0,0.0,0.0,1,0,82.0,105.0,88.0,0.0,0.0,0.0,9.0,3.0,13.0,4.0,0.0,2.0,1.0,0.0,0.0,0.0,0.0,0.0,0.0,0.0,0.0,15.87,24.57,270.0,0.0,0.0,29.333333333333332,52.1,0.3333333333333333,136.5,1.0,40.44,4.333333333333333,0.6666666666666666,1.3333333333333333,0.3333333333333333,1.4165246418200954,2.135809340131599,0.5973932853936048,0.22471477786398616,0.7058819950951812,0.9604110160003294,-0.24889134708717228,0,Shot Stopper
250101144,Walter Benítez,Argentina,Goalkeeper,UNKNOWN,91.21839491571282,191.0,31,50062,Netherlands,PSV Eindhoven,0.0,0.0,0.0,0.0,0.0,0.0,0.0,0.0,0.0,0.0,0.0,0.0,0.0,0.0,1.0,1,0,84.67,115.0,94.0,0.0,0.0,0.0,7.0,3.0,12.0,2.0,0.0,1.0,2.0,0.0,0.0,0.0,0.0,0.0,0.0,0.0,0.0,15.31,26.29,270.0,0.0,0.0,31.333333333333332,54.768,0.3333333333333333,136.5,1.0,41.6,4.0,0.3333333333333333,0.6666666666666666,0.6666666666666666,1.2552191504109296,0.8399770210918425,-0.01925734284739105,0.9945043864598937,1.0541092443093494,3.162836044626009,-0.24889134708717228,0,Shot Stopper
250066131,Ivan Nevistić,Croatia,Goalkeeper,GOALKEEPER,74.13115023452906,184.35364350954706,26,50164,Croatia,GNK Dinamo,0.0,0.0,0.0,0.0,0.0,0.0,0.0,0.0,0.0,0.0,0.0,0.0,3.0,0.0,0.0,0,0,72.67,93.0,68.0,0.0,0.0,0.0,13.0,3.0,14.0,11.0,0.0,1.0,2.0,0.0,0.0,0.0,0.0,0.0,0.0,0.0,0.0,15.02,23.1,270.0,0.0,0.0,22.666666666666668,45.168000000000006,0.0,136.5,0.0,38.120000000000005,4.666666666666667,0.3333333333333333,3.6666666666666665,0.6666666666666666,1.5778301332292617,0.8399770210918425,2.7556704842370903,0.9945043864598937,-1.2603331936578115,-0.9656183592092642,-0.24889134708717228,2,Commanding Keeper
250078922,Gianluigi Donnarumma,Italy,Goalkeeper,GOALKEEPER,88.9029142844984,196.0,25,52747,France,Paris Saint-Germain,0.0,0.0,0.0,0.0,0.0,0.0,0.0,0.0,0.0,0.0,0.0,0.0,0.0,0.0,1.0,0,0,91.67,87.0,80.0,0.0,0.0,0.0,6.0,3.0,6.0,5.0,0.0,0.0,0.0,0.0,0.0,0.0,0.0,0.0,0.0,0.0,0.0,14.27,25.15,270.0,0.0,0.0,26.666666666666668,53.368,0.0,136.5,0.0,39.42,2.0,0.0,1.6666666666666667,0.0,0.2873862019559336,-0.4558552979479144,0.9057185995141029,-0.5450748307319213,2.7952454903801893,2.6033920624455984,-0.24889134708717228,2,Commanding Keeper
250101201,Michele Di Gregorio,Italy,Goalkeeper,GOALKEEPER,75.58599042702379,187.7372461237977,27,50139,Italy,Juventus,0.0,0.0,0.0,0.0,0.0,0.0,0.0,0.0,0.0,0.0,0.0,0.0,0.0,1.0,0.0,0,1,91.0,84.0,74.0,0.0,0.0,0.0,2.0,3.0,7.0,3.0,0.0,0.0,0.0,0.0,0.0,0.0,0.0,0.0,0.0,0.0,0.0,14.22,24.91,239.0,0.0,0.0,27.86610878661088,53.15983263598326,0.3765690376569038,121.0,2.8242677824267783,39.13,2.6359832635983267,0.0,1.1297071129707112,0.0,0.5951489805441333,-0.4558552979479144,0.40904393032417935,-0.5450748307319213,-0.08207056286344548,-0.6141139761652613,-0.24889134708717228,1,Sweeper Keeper
250052744,David von Ballmoos,Switzerland,Goalkeeper,GOALKEEPER,82.46278101888365,192.0,29,50031,Switzerland,BSC Young Boys,0.0,0.0,0.0,1.0,0.0,0.0,0.0,0.0,0.0,1.0,0.0,1.0,1.0,0.0,0.0,0,0,76.0,63.0,47.0,0.0,0.0,0.0,4.0,2.0,9.0,4.0,1.0,0.0,0.0,0.0,0.0,0.0,0.0,0.0,0.0,0.0,0.0,13.25,21.44,180.0,0.0,0.0,23.5,43.75,0.5,91.0,0.0,34.69,4.5,0.0,2.0,0.0,1.4971773875246785,-0.4558552979479144,1.2140439136346008,-0.5450748307319213,1.4023364935235174,1.0473894980888443,4.0178174601214955,2,Commanding Keeper
250138250,Marvin Keller,Switzerland,Goalkeeper,Unknown,76.86777586710438,191.13807292286316,22,50031,Switzerland,BSC Young Boys,0.0,0.0,0.0,0.0,0.0,0.0,0.0,0.0,0.0,0.0,0.0,0.0,4.0,0.0,1.0,0,0,79.0,94.0,76.0,0.0,0.0,0.0,6.0,2.0,8.0,7.0,0.0,0.0,2.0,0.0,0.0,0.0,0.0,0.0,0.0,0.0,0.0,11.88,24.82,180.0,0.0,0.0,38.0,52.4,0.0,91.0,0.0,36.7,4.0,0.0,3.5,1.0,1.2552191504109296,-0.4558552979479144,2.601507827176842,1.7642939950558014,1.1021899984289474,-0.3044214046823982,-0.24889134708717228,2,Commanding Keeper
250087877,Radosław Majecki,Poland,Goalkeeper,GOALKEEPER,75.95176808708995,188.26603954735782,24,50023,France,AS Monaco,0.0,0.0,0.0,0.0,0.0,0.0,0.0,0.0,0.0,0.0,0.0,0.0,2.0,0.0,1.0,0,0,87.5,57.0,49.0,0.0,0.0,0.0,6.0,2.0,3.0,1.0,0.0,1.0,1.0,0.0,0.0,0.0,0.0,0.0,0.0,0.0,0.0,11.59,28.32,180.0,0.0,0.0,24.5,48.050000000000004,0.0,91.0,0.0,39.91,1.5,0.5,0.5,0.5,0.04542796484218467,1.4878931806117208,-0.17341999990764,0.6096095821619401,0.10206971642544145,-0.525738324051636,-0.24889134708717228,0,Shot Stopper
250099867,Alisson Becker,Brazil,Goalkeeper,GOALKEEPER,90.39783651472722,191.0,32,7889,England,Liverpool FC,0.0,0.0,0.0,1.0,0.0,0.0,0.0,0.0,0.0,0.0,0.0,0.0,1.0,0.0,0.0,0,0,74.5,85.0,63.0,0.0,0.0,0.0,3.0,2.0,3.0,1.0,0.0,1.0,0.0,0.0,0.0,0.0,0.0,0.0,0.0,0.0,0.0,11.11,29.22,180.0,0.0,0.0,31.5,47.75,0.5,91.0,0.0,40.33,1.5,0.5,0.5,0.0,0.04542796484218467,1.4878931806117208,-0.17341999990764,-0.5450748307319213,1.0541092443093494,2.9645806788628284,-0.24889134708717228,0,Shot Stopper
250077750,Caoimhin Kelleher,Republic of Ireland,Goalkeeper,Unknown,78.44892147971746,179.13569072711246,25,7889,England,Liverpool FC,0.0,0.0,0.0,0.0,0.0,0.0,0.0,0.0,0.0,0.0,0.0,0.0,4.0,0.0,0.0,0,0,84.5,73.0,62.0,0.0,0.0,0.0,4.0,2.0,11.0,0.0,0.0,2.0,0.0,0.0,0.0,0.0,0.0,0.0,0.0,0.0,0.0,10.81,25.4,180.0,0.0,0.0,31.0,50.400000000000006,0.0,91.0,0.0,36.21,5.5,1.0,0.0,0.0,1.9810938617521765,3.431641659171356,-0.6359079710883869,-0.5450748307319213,-3.077366537614424,0.07759966947506687,-0.24889134708717228,0,Shot Stopper
250028705,Stefan Ortega,Germany,Goalkeeper,UNKNOWN,77.26419524312733,187.13664739222162,32,52919,England,Manchester City,0.0,0.0,0.0,0.0,0.0,0.0,0.0,0.0,0.0,0.0,0.0,0.0,0.0,0.0,0.0,0,0,96.5,47.0,45.0,0.0,0.0,0.0,0.0,2.0,1.0,0.0,0.0,2.0,1.0,0.0,0.0,0.0,0.0,0.0,0.0,0.0,0.0,10.6,25.31,180.0,0.0,0.0,22.5,50.050000000000004,0.0,91.0,0.0,35.91,0.5,1.0,0.0,0.5,-0.43848850938531325,3.431641659171356,-0.6359079710883869,0.6096095821619401,-0.291215407041699,-0.20864239822211322,-0.24889134708717228,0,Shot Stopper
250090955,Philipp Köhn,Switzerland,Goalkeeper,GOALKEEPER,74.09124233166972,184.9235614925089,26,50023,France,AS Monaco,0.0,0.0,0.0,0.0,0.0,0.0,0.0,0.0,0.0,1.0,1.0,0.0,1.0,0.0,1.0,0,0,86.0,39.0,33.0,0.0,0.0,0.0,5.0,2.0,1.0,3.0,0.0,0.0,0.0,0.0,0.0,0.0,0.0,0.0,0.0,0.0,0.0,10.49,22.82,180.0,0.0,0.0,16.5,43.25,0.0,91.0,0.5,33.31,0.5,0.0,1.5,0.0,-0.43848850938531325,-0.4558552979479144,0.7515559424538539,-0.5450748307319213,-1.0618722221733228,-0.9752605198022417,-0.24889134708717228,1,Sweeper Keeper
250089824,Andriy Lunin,Ukraine,Goalkeeper,GOALKEEPER,75.17780596860587,186.35969827700566,25,50051,Spain,Real Madrid C.F.,0.0,0.0,0.0,0.0,0.0,0.0,0.0,0.0,0.0,0.0,0.0,0.0,0.0,0.0,0.0,0,0,95.5,34.0,32.0,0.0,0.0,0.0,0.0,2.0,8.0,4.0,0.0,0.0,1.0,0.0,0.0,0.0,0.0,0.0,0.0,0.0,0.0,10.07,25.69,180.0,0.0,0.0,16.0,46.4,0.0,91.0,0.0,35.760000000000005,4.0,0.0,2.0,0.5,1.2552191504109296,-0.4558552979479144,1.2140439136346008,0.6096095821619401,-0.5617702602127331,-0.7127355477746542,-0.24889134708717228,2,Commanding Keeper
250079112,Marko Ilić,Serbia,Goalkeeper,UNKNOWN,75.73863195579261,188.26687272157892,26,50069,Serbia,FK Crvena Zvezda,0.0,0.0,0.0,0.0,0.0,0.0,0.0,0.0,0.0,0.0,0.0,0.0,1.0,0.0,0.0,0,0,44.0,61.0,27.0,0.0,0.0,0.0,8.0,2.0,8.0,10.0,0.0,0.0,1.0,0.0,0.0,0.0,0.0,0.0,0.0,0.0,0.0,9.42,21.15,180.0,0.0,0.0,13.5,27.750000000000004,0.0,91.0,0.0,30.57,4.0,0.0,5.0,0.5,1.2552191504109296,-0.4558552979479144,3.988971740719083,0.6096095821619401,0.10235985039257121,-0.5772342098008373,-0.24889134708717228,2,Commanding Keeper
250011668,Thibaut Courtois,Belgium,Goalkeeper,GOALKEEPER,89.2086388554203,199.0,32,50051,Spain,Real Madrid C.F.,0.0,0.0,0.0,0.0,0.0,0.0,0.0,0.0,0.0,0.0,0.0,0.0,0.0,0.0,1.0,0,0,91.0,66.0,59.0,0.0,0.0,0.0,6.0,2.0,11.0,3.0,0.0,0.0,1.0,0.0,0.0,0.0,0.0,0.0,0.0,0.0,0.0,9.41,25.7,180.0,0.0,0.0,29.5,51.85,0.0,91.0,0.0,35.11,5.5,0.0,1.5,0.5,1.9810938617521765,-0.4558552979479144,0.7515559424538539,0.6096095821619401,3.8399272380226934,2.6772582693580036,-0.24889134708717228,2,Commanding Keeper
250073809,Ederson,Brazil,Goalkeeper,UNKNOWN,82.28146418849288,188.0,31,52919,England,Manchester City,0.0,0.0,0.0,0.0,0.0,0.0,0.0,0.0,0.0,0.0,0.0,0.0,2.0,0.0,0.0,0,0,92.5,53.0,49.0,0.0,0.0,0.0,3.0,2.0,5.0,4.0,0.0,1.0,1.0,0.0,0.0,0.0,0.0,0.0,0.0,0.0,0.0,9.31,27.32,180.0,0.0,0.0,24.5,49.650000000000006,0.0,91.0,0.0,36.63,2.5,0.5,2.0,0.5,0.5293444390696826,1.4878931806117208,1.2140439136346008,0.6096095821619401,0.009427496666845227,1.003581483345512,-0.24889134708717228,0,Shot Stopper
250080461,Omri Glazer,Israel,Goalkeeper,Unknown,77.48982592826361,182.90872329745017,28,50069,Serbia,FK Crvena Zvezda,0.0,0.0,0.0,0.0,0.0,0.0,0.0,0.0,0.0,0.0,0.0,0.0,0.0,0.0,1.0,0,0,85.5,64.0,54.0,0.0,0.0,0.0,7.0,2.0,4.0,6.0,0.0,0.0,1.0,0.0,0.0,0.0,0.0,0.0,0.0,0.0,0.0,8.77,19.51,180.0,0.0,0.0,27.0,48.7,0.0,91.0,0.0,28.28,2.0,0.0,3.0,0.5,0.2873862019559336,-0.4558552979479144,2.139019855996095,0.6096095821619401,-1.7634937844502634,-0.15412769950553137,-0.24889134708717228,2,Commanding Keeper
250007075,Mattia Perin,Italy,Goalkeeper,GOALKEEPER,75.86543408475472,188.0,31,50139,Italy,Juventus,0.0,0.0,0.0,1.0,0.0,0.0,0.0,0.0,0.0,0.0,0.0,0.0,1.0,0.0,0.0,1,0,89.0,55.0,49.0,0.0,0.0,0.0,3.0,2.0,14.0,2.0,1.0,0.0,1.0,0.0,0.0,0.0,0.0,0.0,0.0,0.0,0.0,7.84,25.03,120.0,0.0,0.0,36.75,52.125,1.5,61.0,2.25,32.870000000000005,10.5,0.0,1.5,0.75,4.400676232889666,-0.4558552979479144,0.7515559424538539,1.1869517886088707,0.009427496666845227,-0.5465975087119961,4.0178174601214955,2,Commanding Keeper
250174737,Alexander Meyer,Germany,Goalkeeper,UNKNOWN,77.11105177507459,187.41993217703921,33,52758,Germany,Borussia Dortmund,0.0,0.0,0.0,0.0,0.0,0.0,0.0,0.0,0.0,0.0,0.0,0.0,0.0,0.0,0.0,0,0,85.0,48.0,41.0,0.0,0.0,0.0,2.0,1.0,1.0,0.0,0.0,1.0,0.0,0.0,0.0,0.0,0.0,0.0,0.0,0.0,0.0,6.82,21.91,90.0,0.0,0.0,41.0,51.099999999999994,0.0,45.5,0.0,28.73,1.0,1.0,0.0,0.0,-0.1965302722715643,3.431641659171356,-0.6359079710883869,-0.5450748307319213,-0.1925679256804401,-0.24564343829015822,-0.24889134708717228,0,Shot Stopper
250029377,Danijel Zagorac,Croatia,Goalkeeper,GOALKEEPER,76.02433632394597,185.0141247737122,37,50164,Croatia,GNK Dinamo,0.0,0.0,0.0,0.0,0.0,0.0,0.0,0.0,0.0,0.0,0.0,0.0,0.0,0.0,0.0,0,0,79.0,33.0,26.0,0.0,0.0,0.0,0.0,1.0,3.0,1.0,0.0,0.0,2.0,0.0,0.0,0.0,0.0,0.0,0.0,0.0,0.0,6.21,22.01,90.0,0.0,0.0,26.0,42.699999999999996,0.0,45.5,0.0,28.220000000000002,3.0,0.0,1.0,2.0,0.7713026761834316,-0.4558552979479144,0.28906797127310696,4.0736628208435235,-1.0303356198800828,-0.5082050901911329,-0.24889134708717228,2,Commanding Keeper
250090101,Matvei Safonov,Russia,Goalkeeper,GOALKEEPER,77.09525054196271,185.4790070707634,25,52747,France,Paris Saint-Germain,0.0,0.0,0.0,0.0,0.0,0.0,0.0,0.0,0.0,0.0,0.0,0.0,1.0,0.0,0.0,0,0,83.0,24.0,20.0,0.0,0.0,0.0,0.0,1.0,1.0,0.0,0.0,1.0,0.0,0.0,0.0,0.0,0.0,0.0,0.0,0.0,0.0,6.02,23.96,90.0,0.0,0.0,20.0,41.6,0.0,45.5,0.0,29.98,1.0,1.0,0.0,0.0,-0.1965302722715643,3.431641659171356,-0.6359079710883869,-0.5450748307319213,-0.8684509363695833,-0.2494611790461371,-0.24889134708717228,0,Shot Stopper
250081931,Joël Drommel,Netherlands,Goalkeeper,Unknown,75.69029247436237,188.00517909404405,27,50062,Netherlands,PSV Eindhoven,0.0,0.0,0.0,0.0,0.0,0.0,0.0,0.0,0.0,0.0,0.0,0.0,1.0,0.0,0.0,0,0,84.0,45.0,38.0,0.0,0.0,0.0,1.0,1.0,2.0,3.0,0.0,0.0,0.0,0.0,0.0,0.0,0.0,0.0,0.0,0.0,0.0,5.53,24.46,90.0,0.0,0.0,38.0,49.5,0.0,45.5,0.0,29.990000000000002,2.0,0.0,3.0,0.0,0.2873862019559336,-0.4558552979479144,2.139019855996095,-0.5450748307319213,0.011230998339227142,-0.5889135266663339,-0.24889134708717228,2,Commanding Keeper
250117491,Matěj Kovář,Czechia,Goalkeeper,GOALKEEPER,72.64363868849505,188.92616725200224,24,50109,Germany,Bayer 04 Leverkusen,0.0,0.0,0.0,0.0,0.0,0.0,0.0,0.0,0.0,0.0,0.0,0.0,0.0,0.0,0.0,0,0,89.0,36.0,32.0,0.0,0.0,0.0,0.0,1.0,2.0,1.0,0.0,0.0,0.0,0.0,0.0,0.0,0.0,0.0,0.0,0.0,0.0,5.44,22.15,90.0,0.0,0.0,32.0,48.800000000000004,0.0,45.5,0.0,27.59,2.0,0.0,1.0,0.0,0.2873862019559336,-0.4558552979479144,0.28906797127310696,-0.5450748307319213,0.33194417114383196,-1.3250164779558438,-0.24889134708717228,1,Sweeper Keeper
250007631,Marc-André ter Stegen,Germany,Goalkeeper,GOALKEEPER,86.35879814390324,187.0,32,50080,Spain,FC Barcelona,0.0,0.0,0.0,0.0,0.0,0.0,0.0,0.0,0.0,0.0,0.0,0.0,3.0,0.0,0.0,0,0,70.0,54.0,38.0,0.0,0.0,0.0,3.0,1.0,6.0,2.0,0.0,0.0,2.0,0.0,0.0,0.0,0.0,0.0,0.0,0.0,0.0,5.11,24.12,90.0,0.0,0.0,38.0,44.8,0.0,45.5,0.0,29.23,6.0,0.0,2.0,2.0,2.2230520988659253,-0.4558552979479144,1.2140439136346008,4.0736628208435235,-0.3387997525473228,1.9887073850455903,-0.24889134708717228,2,Commanding Keeper
250055899,Alexander Schlager,Austria,Goalkeeper,GOALKEEPER,77.53434733225325,188.8357331642183,28,50030,Austria,FC Salzburg,0.0,0.0,0.0,0.0,0.0,0.0,0.0,0.0,0.0,0.0,0.0,0.0,0.0,1.0,0.0,0,1,88.0,17.0,15.0,0.0,0.0,0.0,1.0,1.0,2.0,1.0,0.0,0.0,1.0,0.0,0.0,0.0,0.0,0.0,0.0,0.0,0.0,3.92,22.91,66.0,0.0,0.0,20.454545454545457,43.036363636363646,1.3636363636363638,33.5,10.227272727272728,26.83,2.7272727272727275,0.0,1.3636363636363638,1.3636363636363638,0.6393254559395686,-0.4558552979479144,0.6254228594045594,2.604064477160428,0.3004525575196403,-0.14337086949604846,-0.24889134708717228,2,Commanding Keeper
1902445,Sven Ulreich,Germany,Goalkeeper,UNKNOWN,85.63098564657881,192.0,36,50037,Germany,FC Bayern München,0.0,0.0,0.0,0.0,0.0,0.0,0.0,0.0,0.0,0.0,0.0,0.0,0.0,0.0,0.0,0,0,100.0,14.0,14.0,0.0,0.0,0.0,0.0,1.0,1.0,2.0,0.0,0.0,0.0,0.0,0.0,0.0,0.0,0.0,0.0,0.0,0.0,2.79,22.43,45.0,0.0,0.0,28.0,49.8,0.0,23.0,0.0,25.22,2.0,0.0,4.0,0.0,0.2873862019559336,-0.4558552979479144,3.0639957983575887,-0.5450748307319213,1.4023364935235174,1.8128603853795648,-0.24889134708717228,2,Commanding Keeper
250177333,Lorenzo Torriani,Italy,Goalkeeper,Unknown,74.97414134968422,188.01534660318345,19,50058,Italy,AC Milan,0.0,0.0,0.0,0.0,0.0,0.0,0.0,0.0,0.0,0.0,0.0,0.0,2.0,0.0,0.0,0,0,80.0,15.0,12.0,0.0,0.0,0.0,1.0,1.0,3.0,1.0,0.0,0.0,0.0,0.0,0.0,0.0,0.0,0.0,0.0,0.0,0.0,3.14,23.15,39.0,0.0,0.0,27.69230769230769,41.80769230769231,0.0,20.0,0.0,26.29,6.9230769230769225,0.0,2.3076923076923075,0.0,2.669744228922077,-0.4558552979479144,1.4986518958996757,-0.5450748307319213,0.014771602078197846,-0.7619430185272921,-0.24889134708717228,2,Commanding Keeper
93443,Rui Patrício,Portugal,Goalkeeper,GOALKEEPER,82.60770145412165,190.0,36,52816,Italy,Atalanta BC,0.0,0.0,0.0,0.0,0.0,0.0,0.0,0.0,0.0,0.0,0.0,0.0,0.0,0.0,0.0,0,0,0.0,0.0,0.0,0.0,0.0,0.0,0.0,0.0,0.0,0.0,0.0,0.0,0.0,0.0,0.0,0.0,0.0,0.0,0.0,0.0,0.0,0.0,0.0,0.0,0.0,0.0,0.0,0.0,0.0,0.0,0.0,0.0,0.0,0.0,0.0,0.0,-0.6804467464990622,-0.4558552979479144,-0.6359079710883869,-0.5450748307319213,0.7058819950951812,1.0824037686881827,-0.24889134708717228,1,Sweeper Keeper
69178,Scott Carson,England,Goalkeeper,UNKNOWN,86.16727872906776,190.0,39,52919,England,Manchester City,0.0,0.0,0.0,0.0,0.0,0.0,0.0,0.0,0.0,0.0,0.0,0.0,0.0,0.0,0.0,0,0,0.0,0.0,0.0,0.0,0.0,0.0,0.0,0.0,0.0,0.0,0.0,0.0,0.0,0.0,0.0,0.0,0.0,0.0,0.0,0.0,0.0,0.0,0.0,0.0,0.0,0.0,0.0,0.0,0.0,0.0,0.0,0.0,0.0,0.0,0.0,0.0,-0.6804467464990622,-0.4558552979479144,-0.6359079710883869,-0.5450748307319213,0.7058819950951812,1.9424343207599135,-0.24889134708717228,1,Sweeper Keeper
250202692,Lucas García,Spain,Goalkeeper,Unknown,75.37672290971913,185.54584049242848,20,2602798,Spain,Girona FC,0.0,0.0,0.0,0.0,0.0,0.0,0.0,0.0,0.0,0.0,0.0,0.0,0.0,0.0,0.0,0,0,0.0,0.0,0.0,0.0,0.0,0.0,0.0,0.0,0.0,0.0,0.0,0.0,0.0,0.0,0.0,0.0,0.0,0.0,0.0,0.0,0.0,0.0,0.0,0.0,0.0,0.0,0.0,0.0,0.0,0.0,0.0,0.0,0.0,0.0,0.0,0.0,-0.6804467464990622,-0.4558552979479144,-0.6359079710883869,-0.5450748307319213,-0.8451777177875817,-0.6646751649066761,-0.24889134708717228,1,Sweeper Keeper
250199905,Pau García,Spain,Goalkeeper,Unknown,77.25070132359677,188.2509427958399,17,2602798,Spain,Girona FC,0.0,0.0,0.0,0.0,0.0,0.0,0.0,0.0,0.0,0.0,0.0,0.0,0.0,0.0,0.0,0,0,0.0,0.0,0.0,0.0,0.0,0.0,0.0,0.0,0.0,0.0,0.0,0.0,0.0,0.0,0.0,0.0,0.0,0.0,0.0,0.0,0.0,0.0,0.0,0.0,0.0,0.0,0.0,0.0,0.0,0.0,0.0,0.0,0.0,0.0,0.0,0.0,-0.6804467464990622,-0.4558552979479144,-0.6359079710883869,-0.5450748307319213,0.09681261617228772,-0.21190266823933185,-0.24889134708717228,1,Sweeper Keeper
250198498,Noah Jauny,France,Goalkeeper,UNKNOWN,73.4414521109481,187.16649794821197,20,2601306,France,Stade Brestois 29,0.0,0.0,0.0,0.0,0.0,0.0,0.0,0.0,0.0,0.0,0.0,0.0,0.0,0.0,0.0,0,0,0.0,0.0,0.0,0.0,0.0,0.0,0.0,0.0,0.0,0.0,0.0,0.0,0.0,0.0,0.0,0.0,0.0,0.0,0.0,0.0,0.0,0.0,0.0,0.0,0.0,0.0,0.0,0.0,0.0,0.0,0.0,0.0,0.0,0.0,0.0,0.0,-0.6804467464990622,-0.4558552979479144,-0.6359079710883869,-0.5450748307319213,-0.2808206300416658,-1.1322565333995254,-0.24889134708717228,1,Sweeper Keeper
250196587,Grégoire Coudert,France,Goalkeeper,UNKNOWN,76.13440073638344,185.53113195474432,25,2601306,France,Stade Brestois 29,0.0,0.0,0.0,0.0,0.0,0.0,0.0,0.0,0.0,0.0,0.0,0.0,0.0,0.0,0.0,0,0,0.0,0.0,0.0,0.0,0.0,0.0,0.0,0.0,0.0,0.0,0.0,0.0,0.0,0.0,0.0,0.0,0.0,0.0,0.0,0.0,0.0,0.0,0.0,0.0,0.0,0.0,0.0,0.0,0.0,0.0,0.0,0.0,0.0,0.0,0.0,0.0,-0.6804467464990622,-0.4558552979479144,-0.6359079710883869,-0.5450748307319213,-0.8502996314052986,-0.4816123939015213,-0.24889134708717228,1,Sweeper Keeper
250196542,Federico Ravaglia,Italy,Goalkeeper,Unknown,75.5204472363885,188.05608392724963,24,52969,Italy,Bologna FC 1909,0.0,0.0,0.0,0.0,0.0,0.0,0.0,0.0,0.0,0.0,0.0,0.0,0.0,0.0,0.0,0,0,0.0,0.0,0.0,0.0,0.0,0.0,0.0,0.0,0.0,0.0,0.0,0.0,0.0,0.0,0.0,0.0,0.0,0.0,0.0,0.0,0.0,0.0,0.0,0.0,0.0,0.0,0.0,0.0,0.0,0.0,0.0,0.0,0.0,0.0,0.0,0.0,-0.6804467464990622,-0.4558552979479144,-0.6359079710883869,-0.5450748307319213,0.028957448378111737,-0.6299498864637553,-0.24889134708717228,1,Sweeper Keeper
250190774,Jack Porter,England,Goalkeeper,Unknown,75.5034436440508,189.2905024907296,16,52280,England,Arsenal FC,0.0,0.0,0.0,0.0,0.0,0.0,0.0,0.0,0.0,0.0,0.0,0.0,0.0,0.0,0.0,0,0,0.0,0.0,0.0,0.0,0.0,0.0,0.0,0.0,0.0,0.0,0.0,0.0,0.0,0.0,0.0,0.0,0.0,0.0,0.0,0.0,0.0,0.0,0.0,0.0,0.0,0.0,0.0,0.0,0.0,0.0,0.0,0.0,0.0,0.0,0.0,0.0,-0.6804467464990622,-0.4558552979479144,-0.6359079710883869,-0.5450748307319213,0.458815629117649,-0.6340581295993443,-0.24889134708717228,1,Sweeper Keeper
250190232,Ismail Ka,Netherlands,Goalkeeper,Unknown,77.02931601616915,187.0469354631997,18,52749,Netherlands,Feyenoord,0.0,0.0,0.0,0.0,0.0,0.0,0.0,0.0,0.0,0.0,0.0,0.0,0.0,0.0,0.0,0,0,0.0,0.0,0.0,0.0,0.0,0.0,0.0,0.0,0.0,0.0,0.0,0.0,0.0,0.0,0.0,0.0,0.0,0.0,0.0,0.0,0.0,0.0,0.0,0.0,0.0,0.0,0.0,0.0,0.0,0.0,0.0,0.0,0.0,0.0,0.0,0.0,-0.6804467464990622,-0.4558552979479144,-0.6359079710883869,-0.5450748307319213,-0.32245554530669773,-0.26539163995169124,-0.24889134708717228,1,Sweeper Keeper
250187771,Tijn Smolenaars,Netherlands,Goalkeeper,UNKNOWN,73.34643928034272,188.32377776783738,19,50062,Netherlands,PSV Eindhoven,0.0,0.0,0.0,0.0,0.0,0.0,0.0,0.0,0.0,0.0,0.0,0.0,0.0,0.0,0.0,0,0,0.0,0.0,0.0,0.0,0.0,0.0,0.0,0.0,0.0,0.0,0.0,0.0,0.0,0.0,0.0,0.0,0.0,0.0,0.0,0.0,0.0,0.0,0.0,0.0,0.0,0.0,0.0,0.0,0.0,0.0,0.0,0.0,0.0,0.0,0.0,0.0,-0.6804467464990622,-0.4558552979479144,-0.6359079710883869,-0.5450748307319213,0.12217573811756118,-1.1552126124077224,-0.24889134708717228,1,Sweeper Keeper
250178085,Mannou Berger,Netherlands,Goalkeeper,Unknown,75.14855544166744,190.90009481976594,20,52749,Netherlands,Feyenoord,0.0,0.0,0.0,0.0,0.0,0.0,0.0,0.0,0.0,0.0,0.0,0.0,0.0,0.0,0.0,0,0,0.0,0.0,0.0,0.0,0.0,0.0,0.0,0.0,0.0,0.0,0.0,0.0,0.0,0.0,0.0,0.0,0.0,0.0,0.0,0.0,0.0,0.0,0.0,0.0,0.0,0.0,0.0,0.0,0.0,0.0,0.0,0.0,0.0,0.0,0.0,0.0,-0.6804467464990622,-0.4558552979479144,-0.6359079710883869,-0.5450748307319213,1.0193195382141969,-0.7198027765178832,-0.24889134708717228,1,Sweeper Keeper
250177933,Nicola Bagnolini,Italy,Goalkeeper,Unknown,76.47397090759846,187.82953026572613,20,52969,Italy,Bologna FC 1909,0.0,0.0,0.0,0.0,0.0,0.0,0.0,0.0,0.0,0.0,0.0,0.0,0.0,0.0,0.0,0,0,0.0,0.0,0.0,0.0,0.0,0.0,0.0,0.0,0.0,0.0,0.0,0.0,0.0,0.0,0.0,0.0,0.0,0.0,0.0,0.0,0.0,0.0,0.0,0.0,0.0,0.0,0.0,0.0,0.0,0.0,0.0,0.0,0.0,0.0,0.0,0.0,-0.6804467464990622,-0.4558552979479144,-0.6359079710883869,-0.5450748307319213,-0.04993470997361313,-0.39956874116987395,-0.24889134708717228,1,Sweeper Keeper
250177433,Valentin Oelz,Austria,Goalkeeper,Unknown,75.55965220675509,188.06125435001584,19,50030,Austria,FC Salzburg,0.0,0.0,0.0,0.0,0.0,0.0,0.0,0.0,0.0,0.0,0.0,0.0,0.0,0.0,0.0,0,0,0.0,0.0,0.0,0.0,0.0,0.0,0.0,0.0,0.0,0.0,0.0,0.0,0.0,0.0,0.0,0.0,0.0,0.0,0.0,0.0,0.0,0.0,0.0,0.0,0.0,0.0,0.0,0.0,0.0,0.0,0.0,0.0,0.0,0.0,0.0,0.0,-0.6804467464990622,-0.4558552979479144,-0.6359079710883869,-0.5450748307319213,0.030757930475264338,-0.6204775616049448,-0.24889134708717228,1,Sweeper Keeper
250176532,Fran González,Spain,Goalkeeper,UNKNOWN,75.47613770983631,186.4873877681408,19,50051,Spain,Real Madrid C.F.,0.0,0.0,0.0,0.0,0.0,0.0,0.0,0.0,0.0,0.0,0.0,0.0,0.0,0.0,0.0,0,0,0.0,0.0,0.0,0.0,0.0,0.0,0.0,0.0,0.0,0.0,0.0,0.0,0.0,0.0,0.0,0.0,0.0,0.0,0.0,0.0,0.0,0.0,0.0,0.0,0.0,0.0,0.0,0.0,0.0,0.0,0.0,0.0,0.0,0.0,0.0,0.0,-0.6804467464990622,-0.4558552979479144,-0.6359079710883869,-0.5450748307319213,-0.5173052999611901,-0.6406555247008969,-0.24889134708717228,1,Sweeper Keeper
250176229,Max Schmitt,Germany,Goalkeeper,UNKNOWN,77.50445339017256,187.86029965865663,18,50037,Germany,FC Bayern München,0.0,0.0,0.0,0.0,0.0,0.0,0.0,0.0,0.0,0.0,0.0,0.0,0.0,0.0,0.0,0,0,0.0,0.0,0.0,0.0,0.0,0.0,0.0,0.0,0.0,0.0,0.0,0.0,0.0,0.0,0.0,0.0,0.0,0.0,0.0,0.0,0.0,0.0,0.0,0.0,0.0,0.0,0.0,0.0,0.0,0.0,0.0,0.0,0.0,0.0,0.0,0.0,-0.6804467464990622,-0.4558552979479144,-0.6359079710883869,-0.5450748307319213,-0.03921996891343711,-0.1505935539682224,-0.24889134708717228,1,Sweeper Keeper
250174995,Matteo Bignetti,Austria,Goalkeeper,Unknown,77.57573994867398,188.07013736412324,20,50111,Austria,SK Sturm Graz,0.0,0.0,0.0,0.0,0.0,0.0,0.0,0.0,0.0,0.0,0.0,0.0,0.0,0.0,0.0,0,0,0.0,0.0,0.0,0.0,0.0,0.0,0.0,0.0,0.0,0.0,0.0,0.0,0.0,0.0,0.0,0.0,0.0,0.0,0.0,0.0,0.0,0.0,0.0,0.0,0.0,0.0,0.0,0.0,0.0,0.0,0.0,0.0,0.0,0.0,0.0,0.0,-0.6804467464990622,-0.4558552979479144,-0.6359079710883869,-0.5450748307319213,0.03385123804261384,-0.1333699868062469,-0.24889134708717228,1,Sweeper Keeper
250172534,Vuk Draškić,Serbia,Goalkeeper,Unknown,75.9657198793242,186.59700808963032,17,50069,Serbia,FK Crvena Zvezda,0.0,0.0,0.0,0.0,0.0,0.0,0.0,0.0,0.0,0.0,0.0,0.0,0.0,0.0,0.0,0,0,0.0,0.0,0.0,0.0,0.0,0.0,0.0,0.0,0.0,0.0,0.0,0.0,0.0,0.0,0.0,0.0,0.0,0.0,0.0,0.0,0.0,0.0,0.0,0.0,0.0,0.0,0.0,0.0,0.0,0.0,0.0,0.0,0.0,0.0,0.0,0.0,-0.6804467464990622,-0.4558552979479144,-0.6359079710883869,-0.5450748307319213,-0.47913251695091846,-0.5223674272706986,-0.24889134708717228,1,Sweeper Keeper
250170952,Dennis Seimen,Germany,Goalkeeper,UNKNOWN,75.51774912871161,189.16351817467947,18,50107,Germany,VfB Stuttgart,0.0,0.0,0.0,0.0,0.0,0.0,0.0,0.0,0.0,0.0,0.0,0.0,0.0,0.0,0.0,0,0,0.0,0.0,0.0,0.0,0.0,0.0,0.0,0.0,0.0,0.0,0.0,0.0,0.0,0.0,0.0,0.0,0.0,0.0,0.0,0.0,0.0,0.0,0.0,0.0,0.0,0.0,0.0,0.0,0.0,0.0,0.0,0.0,0.0,0.0,0.0,0.0,-0.6804467464990622,-0.4558552979479144,-0.6359079710883869,-0.5450748307319213,0.4145962300461659,-0.6306017770832506,-0.24889134708717228,1,Sweeper Keeper
250169894,Francisco Silva,Portugal,Goalkeeper,Unknown,80.22315965414336,183.68395753639888,18,50149,Portugal,Sporting Clube de Portugal,0.0,0.0,0.0,0.0,0.0,0.0,0.0,0.0,0.0,0.0,0.0,0.0,0.0,0.0,0.0,0,0,0.0,0.0,0.0,0.0,0.0,0.0,0.0,0.0,0.0,0.0,0.0,0.0,0.0,0.0,0.0,0.0,0.0,0.0,0.0,0.0,0.0,0.0,0.0,0.0,0.0,0.0,0.0,0.0,0.0,0.0,0.0,0.0,0.0,0.0,0.0,0.0,-0.6804467464990622,-0.4558552979479144,-0.6359079710883869,-0.5450748307319213,-1.4935360979245142,0.5062738964396584,-0.24889134708717228,1,Sweeper Keeper
250169577,Áron Yaakobishvili,Hungary,Goalkeeper,Unknown,77.34489219227862,189.61719872511287,18,50080,Spain,FC Barcelona,0.0,0.0,0.0,0.0,0.0,0.0,0.0,0.0,0.0,0.0,0.0,0.0,0.0,0.0,0.0,0,0,0.0,0.0,0.0,0.0,0.0,0.0,0.0,0.0,0.0,0.0,0.0,0.0,0.0,0.0,0.0,0.0,0.0,0.0,0.0,0.0,0.0,0.0,0.0,0.0,0.0,0.0,0.0,0.0,0.0,0.0,0.0,0.0,0.0,0.0,0.0,0.0,-0.6804467464990622,-0.4558552979479144,-0.6359079710883869,-0.5450748307319213,0.5725801601455599,-0.18914518370240935,-0.24889134708717228,1,Sweeper Keeper
250169576,Diego Kochen,USA,Goalkeeper,UNKNOWN,74.62525325965125,187.5219415345286,18,50080,Spain,FC Barcelona,0.0,0.0,0.0,0.0,0.0,0.0,0.0,0.0,0.0,0.0,0.0,0.0,0.0,0.0,0.0,0,0,0.0,0.0,0.0,0.0,0.0,0.0,0.0,0.0,0.0,0.0,0.0,0.0,0.0,0.0,0.0,0.0,0.0,0.0,0.0,0.0,0.0,0.0,0.0,0.0,0.0,0.0,0.0,0.0,0.0,0.0,0.0,0.0,0.0,0.0,0.0,0.0,-0.6804467464990622,-0.4558552979479144,-0.6359079710883869,-0.5450748307319213,-0.15704548772780888,-0.8462379764691312,-0.24889134708717228,1,Sweeper Keeper
250165547,Daniil Khudiakov,Russia,Goalkeeper,UNKNOWN,76.38009327841645,188.0429538031959,20,50111,Austria,SK Sturm Graz,0.0,0.0,0.0,0.0,0.0,0.0,0.0,0.0,0.0,0.0,0.0,0.0,0.0,0.0,0.0,0,0,0.0,0.0,0.0,0.0,0.0,0.0,0.0,0.0,0.0,0.0,0.0,0.0,0.0,0.0,0.0,0.0,0.0,0.0,0.0,0.0,0.0,0.0,0.0,0.0,0.0,0.0,0.0,0.0,0.0,0.0,0.0,0.0,0.0,0.0,0.0,0.0,-0.6804467464990622,-0.4558552979479144,-0.6359079710883869,-0.5450748307319213,0.024385181397040157,-0.4222505438156125,-0.24889134708717228,1,Sweeper Keeper
250164989,André Gomes,Portugal,Goalkeeper,UNKNOWN,76.24706796512393,185.36615410291375,20,50147,Portugal,SL Benfica,0.0,0.0,0.0,0.0,0.0,0.0,0.0,0.0,0.0,0.0,0.0,0.0,0.0,0.0,0.0,0,0,0.0,0.0,0.0,0.0,0.0,0.0,0.0,0.0,0.0,0.0,0.0,0.0,0.0,0.0,0.0,0.0,0.0,0.0,0.0,0.0,0.0,0.0,0.0,0.0,0.0,0.0,0.0,0.0,0.0,0.0,0.0,0.0,0.0,0.0,0.0,0.0,-0.6804467464990622,-0.4558552979479144,-0.6359079710883869,-0.5450748307319213,-0.907749414929521,-0.454390830370345,-0.24889134708717228,1,Sweeper Keeper
250164740,Tommy Setford,Netherlands,Goalkeeper,UNKNOWN,73.76894918478182,186.61650507541077,18,52280,England,Arsenal FC,0.0,0.0,0.0,0.0,0.0,0.0,0.0,0.0,0.0,0.0,0.0,0.0,0.0,0.0,0.0,0,0,0.0,0.0,0.0,0.0,0.0,0.0,0.0,0.0,0.0,0.0,0.0,0.0,0.0,0.0,0.0,0.0,0.0,0.0,0.0,0.0,0.0,0.0,0.0,0.0,0.0,0.0,0.0,0.0,0.0,0.0,0.0,0.0,0.0,0.0,0.0,0.0,-0.6804467464990622,-0.4558552979479144,-0.6359079710883869,-0.5450748307319213,-0.4723431352246248,-1.0531298654118644,-0.24889134708717228,1,Sweeper Keeper
250164626,Ander Astralaga,Spain,Goalkeeper,UNKNOWN,75.84929200418524,183.60578985461942,20,50080,Spain,FC Barcelona,0.0,0.0,0.0,0.0,0.0,0.0,0.0,0.0,0.0,0.0,0.0,0.0,0.0,0.0,0.0,0,0,0.0,0.0,0.0,0.0,0.0,0.0,0.0,0.0,0.0,0.0,0.0,0.0,0.0,0.0,0.0,0.0,0.0,0.0,0.0,0.0,0.0,0.0,0.0,0.0,0.0,0.0,0.0,0.0,0.0,0.0,0.0,0.0,0.0,0.0,0.0,0.0,-0.6804467464990622,-0.4558552979479144,-0.6359079710883869,-0.5450748307319213,-1.5207562147280247,-0.5504976017262618,-0.24889134708717228,1,Sweeper Keeper
250164169,Louis Mouquet,France,Goalkeeper,UNKNOWN,75.53116823882141,185.7449309982875,20,52747,France,Paris Saint-Germain,0.0,0.0,0.0,0.0,0.0,0.0,0.0,0.0,0.0,0.0,0.0,0.0,0.0,0.0,0.0,0,0,0.0,0.0,0.0,0.0,0.0,0.0,0.0,0.0,0.0,0.0,0.0,0.0,0.0,0.0,0.0,0.0,0.0,0.0,0.0,0.0,0.0,0.0,0.0,0.0,0.0,0.0,0.0,0.0,0.0,0.0,0.0,0.0,0.0,0.0,0.0,0.0,-0.6804467464990622,-0.4558552979479144,-0.6359079710883869,-0.5450748307319213,-0.7758489785876433,-0.6273595817930213,-0.24889134708717228,1,Sweeper Keeper
250164068,Lapo Nava,Italy,Goalkeeper,Unknown,76.09368403821048,188.67011973831436,20,50058,Italy,AC Milan,0.0,0.0,0.0,0.0,0.0,0.0,0.0,0.0,0.0,0.0,0.0,0.0,0.0,0.0,0.0,0,0,0.0,0.0,0.0,0.0,0.0,0.0,0.0,0.0,0.0,0.0,0.0,0.0,0.0,0.0,0.0,0.0,0.0,0.0,0.0,0.0,0.0,0.0,0.0,0.0,0.0,0.0,0.0,0.0,0.0,0.0,0.0,0.0,0.0,0.0,0.0,0.0,-0.6804467464990622,-0.4558552979479144,-0.6359079710883869,-0.5450748307319213,0.24278144978417124,-0.4914499677771318,-0.24889134708717228,1,Sweeper Keeper
250163658,Salko Hamzic,Austria,Goalkeeper,Unknown,78.03289340606875,187.4567928264697,18,50030,Austria,FC Salzburg,0.0,0.0,0.0,0.0,0.0,0.0,0.0,0.0,0.0,0.0,0.0,0.0,0.0,0.0,0.0,0,0,0.0,0.0,0.0,0.0,0.0,0.0,0.0,0.0,0.0,0.0,0.0,0.0,0.0,0.0,0.0,0.0,0.0,0.0,0.0,0.0,0.0,0.0,0.0,0.0,0.0,0.0,0.0,0.0,0.0,0.0,0.0,0.0,0.0,0.0,0.0,0.0,-0.6804467464990622,-0.4558552979479144,-0.6359079710883869,-0.5450748307319213,-0.17973204312501626,-0.022917000404743683,-0.24889134708717228,1,Sweeper Keeper
250162627,Yann Lienard,France,Goalkeeper,GOALKEEPER,75.11493984180173,186.61598629088175,21,50023,France,AS Monaco,0.0,0.0,0.0,0.0,0.0,0.0,0.0,0.0,0.0,0.0,0.0,0.0,0.0,0.0,0.0,0,0,0.0,0.0,0.0,0.0,0.0,0.0,0.0,0.0,0.0,0.0,0.0,0.0,0.0,0.0,0.0,0.0,0.0,0.0,0.0,0.0,0.0,0.0,0.0,0.0,0.0,0.0,0.0,0.0,0.0,0.0,0.0,0.0,0.0,0.0,0.0,0.0,-0.6804467464990622,-0.4558552979479144,-0.6359079710883869,-0.5450748307319213,-0.4725237901341006,-0.7279246518636483,-0.24889134708717228,1,Sweeper Keeper
250160990,Diego Callai,Italy,Goalkeeper,UNKNOWN,78.90849336946046,186.52850346722508,20,50149,Portugal,Sporting Clube de Portugal,0.0,0.0,0.0,0.0,0.0,0.0,0.0,0.0,0.0,0.0,0.0,0.0,0.0,0.0,0.0,0,0,0.0,0.0,0.0,0.0,0.0,0.0,0.0,0.0,0.0,0.0,0.0,0.0,0.0,0.0,0.0,0.0,0.0,0.0,0.0,0.0,0.0,0.0,0.0,0.0,0.0,0.0,0.0,0.0,0.0,0.0,0.0,0.0,0.0,0.0,0.0,0.0,-0.6804467464990622,-0.4558552979479144,-0.6359079710883869,-0.5450748307319213,-0.5029876931695514,0.18863697405452926,-0.24889134708717228,1,Sweeper Keeper
250160835,Kiril Fesiun,Ukraine,Goalkeeper,UNKNOWN,74.36427380256204,186.02782726525493,22,52707,Ukraine,FC Shakhtar Donetsk,0.0,0.0,0.0,0.0,0.0,0.0,0.0,0.0,0.0,0.0,0.0,0.0,0.0,0.0,0.0,0,0,0.0,0.0,0.0,0.0,0.0,0.0,0.0,0.0,0.0,0.0,0.0,0.0,0.0,0.0,0.0,0.0,0.0,0.0,0.0,0.0,0.0,0.0,0.0,0.0,0.0,0.0,0.0,0.0,0.0,0.0,0.0,0.0,0.0,0.0,0.0,0.0,-0.6804467464990622,-0.4558552979479144,-0.6359079710883869,-0.5450748307319213,-0.6773367897286144,-0.9092933027685747,-0.24889134708717228,1,Sweeper Keeper
250154332,Giovanni Daffara,Italy,Goalkeeper,Unknown,75.3758342025819,187.04009306874303,19,50139,Italy,Juventus,0.0,0.0,0.0,0.0,0.0,0.0,0.0,0.0,0.0,0.0,0.0,0.0,0.0,0.0,0.0,0,0,0.0,0.0,0.0,0.0,0.0,0.0,0.0,0.0,0.0,0.0,0.0,0.0,0.0,0.0,0.0,0.0,0.0,0.0,0.0,0.0,0.0,0.0,0.0,0.0,0.0,0.0,0.0,0.0,0.0,0.0,0.0,0.0,0.0,0.0,0.0,0.0,-0.6804467464990622,-0.4558552979479144,-0.6359079710883869,-0.5450748307319213,-0.3248382535063818,-0.6648898857094092,-0.24889134708717228,1,Sweeper Keeper
250154301,Sergio Mestre,Spain,Goalkeeper,Unknown,77.72848953633903,186.14552070498542,19,50051,Spain,Real Madrid C.F.,0.0,0.0,0.0,0.0,0.0,0.0,0.0,0.0,0.0,0.0,0.0,0.0,0.0,0.0,0.0,0,0,0.0,0.0,0.0,0.0,0.0,0.0,0.0,0.0,0.0,0.0,0.0,0.0,0.0,0.0,0.0,0.0,0.0,0.0,0.0,0.0,0.0,0.0,0.0,0.0,0.0,0.0,0.0,0.0,0.0,0.0,0.0,0.0,0.0,0.0,0.0,0.0,-0.6804467464990622,-0.4558552979479144,-0.6359079710883869,-0.5450748307319213,-0.6363527269607132,-0.09646411229891953,-0.24889134708717228,1,Sweeper Keeper
250153408,Silas Ostrzinski,Germany,Goalkeeper,GOALKEEPER,75.54301089212784,191.34108131547325,20,52758,Germany,Borussia Dortmund,0.0,0.0,0.0,0.0,0.0,0.0,0.0,0.0,0.0,0.0,0.0,0.0,0.0,0.0,0.0,0,0,0.0,0.0,0.0,0.0,0.0,0.0,0.0,0.0,0.0,0.0,0.0,0.0,0.0,0.0,0.0,0.0,0.0,0.0,0.0,0.0,0.0,0.0,0.0,0.0,0.0,0.0,0.0,0.0,0.0,0.0,0.0,0.0,0.0,0.0,0.0,0.0,-0.6804467464990622,-0.4558552979479144,-0.6359079710883869,-0.5450748307319213,1.1728830525549478,-0.6244982747123152,-0.24889134708717228,1,Sweeper Keeper
250148144,Niek Schiks,Netherlands,Goalkeeper,GOALKEEPER,77.47133097869455,188.5957864436811,20,50062,Netherlands,PSV Eindhoven,0.0,0.0,0.0,0.0,0.0,0.0,0.0,0.0,0.0,0.0,0.0,0.0,0.0,0.0,0.0,0,0,0.0,0.0,0.0,0.0,0.0,0.0,0.0,0.0,0.0,0.0,0.0,0.0,0.0,0.0,0.0,0.0,0.0,0.0,0.0,0.0,0.0,0.0,0.0,0.0,0.0,0.0,0.0,0.0,0.0,0.0,0.0,0.0,0.0,0.0,0.0,0.0,-0.6804467464990622,-0.4558552979479144,-0.6359079710883869,-0.5450748307319213,0.21689657106900875,-0.15859626991707235,-0.24889134708717228,1,Sweeper Keeper
250139028,Ivan Guteša,Serbia,Goalkeeper,Unknown,75.4881562254458,188.20384877369057,22,50069,Serbia,FK Crvena Zvezda,0.0,0.0,0.0,0.0,0.0,0.0,0.0,0.0,0.0,0.0,0.0,0.0,0.0,0.0,0.0,0,0,0.0,0.0,0.0,0.0,0.0,0.0,0.0,0.0,0.0,0.0,0.0,0.0,0.0,0.0,0.0,0.0,0.0,0.0,0.0,0.0,0.0,0.0,0.0,0.0,0.0,0.0,0.0,0.0,0.0,0.0,0.0,0.0,0.0,0.0,0.0,0.0,-0.6804467464990622,-0.4558552979479144,-0.6359079710883869,-0.5450748307319213,0.08041319438479268,-0.6377517274754594,-0.24889134708717228,1,Sweeper Keeper
250138950,Diogo Pinto,Portugal,Goalkeeper,UNKNOWN,76.52596311984901,188.24411589331595,20,50149,Portugal,Sporting Clube de Portugal,0.0,0.0,0.0,0.0,0.0,0.0,0.0,0.0,0.0,0.0,0.0,0.0,0.0,0.0,0.0,0,0,0.0,0.0,0.0,0.0,0.0,0.0,0.0,0.0,0.0,0.0,0.0,0.0,0.0,0.0,0.0,0.0,0.0,0.0,0.0,0.0,0.0,0.0,0.0,0.0,0.0,0.0,0.0,0.0,0.0,0.0,0.0,0.0,0.0,0.0,0.0,0.0,-0.6804467464990622,-0.4558552979479144,-0.6359079710883869,-0.5450748307319213,0.09443530268571779,-0.38700688689577306,-0.24889134708717228,1,Sweeper Keeper
250138286,Adam Hrdina,Slovakia,Goalkeeper,UNKNOWN,77.56020263286713,186.12425298366438,20,52797,Slovakia,ŠK Slovan Bratislava,0.0,0.0,0.0,0.0,0.0,0.0,0.0,0.0,0.0,0.0,0.0,0.0,0.0,0.0,0.0,0,0,0.0,0.0,0.0,0.0,0.0,0.0,0.0,0.0,0.0,0.0,0.0,0.0,0.0,0.0,0.0,0.0,0.0,0.0,0.0,0.0,0.0,0.0,0.0,0.0,0.0,0.0,0.0,0.0,0.0,0.0,0.0,0.0,0.0,0.0,0.0,0.0,-0.6804467464990622,-0.4558552979479144,-0.6359079710883869,-0.5450748307319213,-0.6437587270533919,-0.13712396242159092,-0.24889134708717228,1,Sweeper Keeper
250137521,Juan Musso,Argentina,Goalkeeper,UNKNOWN,78.61054436200797,190.40933027626255,30,50124,Spain,Atlético de Madrid,0.0,0.0,0.0,0.0,0.0,0.0,0.0,0.0,0.0,0.0,0.0,0.0,0.0,0.0,0.0,0,0,0.0,0.0,0.0,0.0,0.0,0.0,0.0,0.0,0.0,0.0,0.0,0.0,0.0,0.0,0.0,0.0,0.0,0.0,0.0,0.0,0.0,0.0,0.0,0.0,0.0,0.0,0.0,0.0,0.0,0.0,0.0,0.0,0.0,0.0,0.0,0.0,-0.6804467464990622,-0.4558552979479144,-0.6359079710883869,-0.5450748307319213,0.848421951218165,0.1166494234057049,-0.24889134708717228,1,Sweeper Keeper
250135608,Harvey Davies,England,Goalkeeper,UNKNOWN,75.74710915179065,187.66214294174173,21,7889,England,Liverpool FC,0.0,0.0,0.0,0.0,0.0,0.0,0.0,0.0,0.0,0.0,0.0,0.0,0.0,0.0,0.0,0,0,0.0,0.0,0.0,0.0,0.0,0.0,0.0,0.0,0.0,0.0,0.0,0.0,0.0,0.0,0.0,0.0,0.0,0.0,0.0,0.0,0.0,0.0,0.0,0.0,0.0,0.0,0.0,0.0,0.0,0.0,0.0,0.0,0.0,0.0,0.0,0.0,-0.6804467464990622,-0.4558552979479144,-0.6359079710883869,-0.5450748307319213,-0.10822353735802144,-0.5751860318878222,-0.24889134708717228,1,Sweeper Keeper
250135499,Antonio Gomis,Spain,Goalkeeper,Unknown,74.84933370359144,184.8391068022556,21,50124,Spain,Atlético de Madrid,0.0,0.0,0.0,0.0,0.0,0.0,0.0,0.0,0.0,0.0,0.0,0.0,0.0,0.0,0.0,0,0,0.0,0.0,0.0,0.0,0.0,0.0,0.0,0.0,0.0,0.0,0.0,0.0,0.0,0.0,0.0,0.0,0.0,0.0,0.0,0.0,0.0,0.0,0.0,0.0,0.0,0.0,0.0,0.0,0.0,0.0,0.0,0.0,0.0,0.0,0.0,0.0,-0.6804467464990622,-0.4558552979479144,-0.6359079710883869,-0.5450748307319213,-1.0912816466434625,-0.792097832001195,-0.24889134708717228,1,Sweeper Keeper
250127130,Jakub Surovčík,Slovakia,Goalkeeper,Unknown,77.84671749437896,186.98626258144984,22,50033,Czechia,AC Sparta Praha,0.0,0.0,0.0,0.0,0.0,0.0,0.0,0.0,0.0,0.0,0.0,0.0,0.0,0.0,0.0,0,0,0.0,0.0,0.0,0.0,0.0,0.0,0.0,0.0,0.0,0.0,0.0,0.0,0.0,0.0,0.0,0.0,0.0,0.0,0.0,0.0,0.0,0.0,0.0,0.0,0.0,0.0,0.0,0.0,0.0,0.0,0.0,0.0,0.0,0.0,0.0,0.0,-0.6804467464990622,-0.4558552979479144,-0.6359079710883869,-0.5450748307319213,-0.34358349602035015,-0.06789901926411784,-0.24889134708717228,1,Sweeper Keeper
250118787,Maarten Vandevoordt,Belgium,Goalkeeper,GOALKEEPER,78.63424939978502,188.54427872806198,22,2603790,Germany,RB Leipzig,0.0,0.0,0.0,0.0,0.0,0.0,0.0,0.0,0.0,0.0,0.0,0.0,0.0,0.0,0.0,0,0,0.0,0.0,0.0,0.0,0.0,0.0,0.0,0.0,0.0,0.0,0.0,0.0,0.0,0.0,0.0,0.0,0.0,0.0,0.0,0.0,0.0,0.0,0.0,0.0,0.0,0.0,0.0,0.0,0.0,0.0,0.0,0.0,0.0,0.0,0.0,0.0,-0.6804467464990622,-0.4558552979479144,-0.6359079710883869,-0.5450748307319213,0.1989601809456556,0.12237680481971988,-0.24889134708717228,1,Sweeper Keeper
250117408,Samuel Soares,Portugal,Goalkeeper,GOALKEEPER,75.21681878483821,185.34725280466796,22,50147,Portugal,SL Benfica,0.0,0.0,0.0,0.0,0.0,0.0,0.0,0.0,0.0,0.0,0.0,0.0,0.0,0.0,0.0,0,0,0.0,0.0,0.0,0.0,0.0,0.0,0.0,0.0,0.0,0.0,0.0,0.0,0.0,0.0,0.0,0.0,0.0,0.0,0.0,0.0,0.0,0.0,0.0,0.0,0.0,0.0,0.0,0.0,0.0,0.0,0.0,0.0,0.0,0.0,0.0,0.0,-0.6804467464990622,-0.4558552979479144,-0.6359079710883869,-0.5450748307319213,-0.9143313620242304,-0.7033096493348785,-0.24889134708717228,1,Sweeper Keeper
250113263,Vitězslav Jaroš,Czechia,Goalkeeper,Unknown,77.3809814268902,187.62323506899645,23,7889,England,Liverpool FC,0.0,0.0,0.0,0.0,0.0,0.0,0.0,0.0,0.0,0.0,0.0,0.0,0.0,0.0,0.0,0,0,0.0,0.0,0.0,0.0,0.0,0.0,0.0,0.0,0.0,0.0,0.0,0.0,0.0,0.0,0.0,0.0,0.0,0.0,0.0,0.0,0.0,0.0,0.0,0.0,0.0,0.0,0.0,0.0,0.0,0.0,0.0,0.0,0.0,0.0,0.0,0.0,-0.6804467464990622,-0.4558552979479144,-0.6359079710883869,-0.5450748307319213,-0.12177231885688661,-0.18042565271054076,-0.24889134708717228,1,Sweeper Keeper
250109859,Vladan Kovačević,Serbia,Goalkeeper,UNKNOWN,75.84025064231257,186.43909383517345,26,50149,Portugal,Sporting Clube de Portugal,0.0,0.0,0.0,0.0,0.0,0.0,0.0,0.0,0.0,0.0,0.0,0.0,0.0,0.0,0.0,0,0,0.0,0.0,0.0,0.0,0.0,0.0,0.0,0.0,0.0,0.0,0.0,0.0,0.0,0.0,0.0,0.0,0.0,0.0,0.0,0.0,0.0,0.0,0.0,0.0,0.0,0.0,0.0,0.0,0.0,0.0,0.0,0.0,0.0,0.0,0.0,0.0,-0.6804467464990622,-0.4558552979479144,-0.6359079710883869,-0.5450748307319213,-0.5341225633921404,-0.5526820879284767,-0.24889134708717228,1,Sweeper Keeper
250109378,Marcel Lotka,Germany,Goalkeeper,Unknown,77.36501067321173,190.25196546550106,23,52758,Germany,Borussia Dortmund,0.0,0.0,0.0,0.0,0.0,0.0,0.0,0.0,0.0,0.0,0.0,0.0,0.0,0.0,0.0,0,0,0.0,0.0,0.0,0.0,0.0,0.0,0.0,0.0,0.0,0.0,0.0,0.0,0.0,0.0,0.0,0.0,0.0,0.0,0.0,0.0,0.0,0.0,0.0,0.0,0.0,0.0,0.0,0.0,0.0,0.0,0.0,0.0,0.0,0.0,0.0,0.0,-0.6804467464990622,-0.4558552979479144,-0.6359079710883869,-0.5450748307319213,0.7936232360435822,-0.18428435138236754,-0.24889134708717228,1,Sweeper Keeper
250106979,Arnau Tenas,Spain,Goalkeeper,UNKNOWN,75.754172329359,189.88482905240477,23,52747,France,Paris Saint-Germain,0.0,0.0,0.0,0.0,0.0,0.0,0.0,0.0,0.0,0.0,0.0,0.0,0.0,0.0,0.0,0,0,0.0,0.0,0.0,0.0,0.0,0.0,0.0,0.0,0.0,0.0,0.0,0.0,0.0,0.0,0.0,0.0,0.0,0.0,0.0,0.0,0.0,0.0,0.0,0.0,0.0,0.0,0.0,0.0,0.0,0.0,0.0,0.0,0.0,0.0,0.0,0.0,-0.6804467464990622,-0.4558552979479144,-0.6359079710883869,-0.5450748307319213,0.6657763328247047,-0.5734794953992801,-0.24889134708717228,1,Sweeper Keeper
250106880,Viljami Sinisalo,Finland,Goalkeeper,UNKNOWN,77.12227905198624,190.2816674252341,23,50050,Scotland,Celtic FC,0.0,0.0,0.0,0.0,0.0,0.0,0.0,0.0,0.0,0.0,0.0,0.0,0.0,0.0,0.0,0,0,0.0,0.0,0.0,0.0,0.0,0.0,0.0,0.0,0.0,0.0,0.0,0.0,0.0,0.0,0.0,0.0,0.0,0.0,0.0,0.0,0.0,0.0,0.0,0.0,0.0,0.0,0.0,0.0,0.0,0.0,0.0,0.0,0.0,0.0,0.0,0.0,-0.6804467464990622,-0.4558552979479144,-0.6359079710883869,-0.5450748307319213,0.8039662677776909,-0.2429308124880569,-0.24889134708717228,1,Sweeper Keeper
250105664,Daniel Peretz,Israel,Goalkeeper,GOALKEEPER,76.70792426722774,181.80712255195226,24,50037,Germany,FC Bayern München,0.0,0.0,0.0,0.0,0.0,0.0,0.0,0.0,0.0,0.0,0.0,0.0,0.0,0.0,0.0,0,0,0.0,0.0,0.0,0.0,0.0,0.0,0.0,0.0,0.0,0.0,0.0,0.0,0.0,0.0,0.0,0.0,0.0,0.0,0.0,0.0,0.0,0.0,0.0,0.0,0.0,0.0,0.0,0.0,0.0,0.0,0.0,0.0,0.0,0.0,0.0,0.0,-0.6804467464990622,-0.4558552979479144,-0.6359079710883869,-0.5450748307319213,-2.1471011817872756,-0.34304319852828197,-0.24889134708717228,1,Sweeper Keeper
250103498,Martin Trnovský,Slovakia,Goalkeeper,GOALKEEPER,75.93463329018991,186.1803192572584,24,52797,Slovakia,ŠK Slovan Bratislava,0.0,0.0,0.0,0.0,0.0,0.0,0.0,0.0,0.0,0.0,0.0,0.0,0.0,0.0,0.0,0,0,0.0,0.0,0.0,0.0,0.0,0.0,0.0,0.0,0.0,0.0,0.0,0.0,0.0,0.0,0.0,0.0,0.0,0.0,0.0,0.0,0.0,0.0,0.0,0.0,0.0,0.0,0.0,0.0,0.0,0.0,0.0,0.0,0.0,0.0,0.0,0.0,-0.6804467464990622,-0.4558552979479144,-0.6359079710883869,-0.5450748307319213,-0.62423492282606,-0.5298782675615854,-0.24889134708717228,1,Sweeper Keeper
250096761,Josep Martínez,Spain,Goalkeeper,UNKNOWN,77.8890256651065,187.29682272912217,26,50138,Italy,FC Internazionale Milano,0.0,0.0,0.0,0.0,0.0,0.0,0.0,0.0,0.0,0.0,0.0,0.0,0.0,0.0,0.0,0,0,0.0,0.0,0.0,0.0,0.0,0.0,0.0,0.0,0.0,0.0,0.0,0.0,0.0,0.0,0.0,0.0,0.0,0.0,0.0,0.0,0.0,0.0,0.0,0.0,0.0,0.0,0.0,0.0,0.0,0.0,0.0,0.0,0.0,0.0,0.0,0.0,-0.6804467464990622,-0.4558552979479144,-0.6359079710883869,-0.5450748307319213,-0.2354379900808676,-0.05767692921874869,-0.24889134708717228,1,Sweeper Keeper
250086637,Pau López,Spain,Goalkeeper,GOALKEEPER,77.9995589866755,189.0,29,2602798,Spain,Girona FC,0.0,0.0,0.0,0.0,0.0,0.0,0.0,0.0,0.0,0.0,0.0,0.0,0.0,0.0,0.0,0,0,0.0,0.0,0.0,0.0,0.0,0.0,0.0,0.0,0.0,0.0,0.0,0.0,0.0,0.0,0.0,0.0,0.0,0.0,0.0,0.0,0.0,0.0,0.0,0.0,0.0,0.0,0.0,0.0,0.0,0.0,0.0,0.0,0.0,0.0,0.0,0.0,-0.6804467464990622,-0.4558552979479144,-0.6359079710883869,-0.5450748307319213,0.35765474588101326,-0.030970939650719655,-0.24889134708717228,1,Sweeper Keeper
250082738,Marco Sportiello,Italy,Goalkeeper,GOALKEEPER,76.08719823334549,189.53736182932363,32,50058,Italy,AC Milan,0.0,0.0,0.0,0.0,0.0,0.0,0.0,0.0,0.0,0.0,0.0,0.0,0.0,0.0,0.0,0,0,0.0,0.0,0.0,0.0,0.0,0.0,0.0,0.0,0.0,0.0,0.0,0.0,0.0,0.0,0.0,0.0,0.0,0.0,0.0,0.0,0.0,0.0,0.0,0.0,0.0,0.0,0.0,0.0,0.0,0.0,0.0,0.0,0.0,0.0,0.0,0.0,-0.6804467464990622,-0.4558552979479144,-0.6359079710883869,-0.5450748307319213,0.5447787775390739,-0.4930170050705572,-0.24889134708717228,1,Sweeper Keeper
250074072,Dario Marzino,Switzerland,Goalkeeper,GOALKEEPER,79.60344230854058,184.0,28,50031,Switzerland,BSC Young Boys,0.0,0.0,0.0,0.0,0.0,0.0,0.0,0.0,0.0,0.0,0.0,0.0,0.0,0.0,0.0,0,0,0.0,0.0,0.0,0.0,0.0,0.0,0.0,0.0,0.0,0.0,0.0,0.0,0.0,0.0,0.0,0.0,0.0,0.0,0.0,0.0,0.0,0.0,0.0,0.0,0.0,0.0,0.0,0.0,0.0,0.0,0.0,0.0,0.0,0.0,0.0,0.0,-0.6804467464990622,-0.4558552979479144,-0.6359079710883869,-0.5450748307319213,-1.3834815001898269,0.3565437993805193,-0.24889134708717228,1,Sweeper Keeper
250070418,Fabian Bredlow,Germany,Goalkeeper,UNKNOWN,82.48801301103181,191.0,29,50107,Germany,VfB Stuttgart,0.0,0.0,0.0,0.0,0.0,0.0,0.0,0.0,0.0,0.0,0.0,0.0,0.0,0.0,0.0,0,0,0.0,0.0,0.0,0.0,0.0,0.0,0.0,0.0,0.0,0.0,0.0,0.0,0.0,0.0,0.0,0.0,0.0,0.0,0.0,0.0,0.0,0.0,0.0,0.0,0.0,0.0,0.0,0.0,0.0,0.0,0.0,0.0,0.0,0.0,0.0,0.0,-0.6804467464990622,-0.4558552979479144,-0.6359079710883869,-0.5450748307319213,1.0541092443093494,1.053485807414615,-0.24889134708717228,1,Sweeper Keeper
250069830,Justin Bijlow,Netherlands,Goalkeeper,GOALKEEPER,76.18817428124702,185.39463293767105,26,52749,Netherlands,Feyenoord,0.0,0.0,0.0,0.0,0.0,0.0,0.0,0.0,0.0,0.0,0.0,0.0,0.0,0.0,0.0,0,0,0.0,0.0,0.0,0.0,0.0,0.0,0.0,0.0,0.0,0.0,0.0,0.0,0.0,0.0,0.0,0.0,0.0,0.0,0.0,0.0,0.0,0.0,0.0,0.0,0.0,0.0,0.0,0.0,0.0,0.0,0.0,0.0,0.0,0.0,0.0,0.0,-0.6804467464990622,-0.4558552979479144,-0.6359079710883869,-0.5450748307319213,-0.8978323086411636,-0.4686201513109811,-0.24889134708717228,1,Sweeper Keeper
250067821,Marc-Aurèle Caillard,France,Goalkeeper,UNKNOWN,78.52914107489701,191.0,30,75797,France,LOSC Lille,0.0,0.0,0.0,0.0,0.0,0.0,0.0,0.0,0.0,0.0,0.0,0.0,0.0,0.0,0.0,0,0,0.0,0.0,0.0,0.0,0.0,0.0,0.0,0.0,0.0,0.0,0.0,0.0,0.0,0.0,0.0,0.0,0.0,0.0,0.0,0.0,0.0,0.0,0.0,0.0,0.0,0.0,0.0,0.0,0.0,0.0,0.0,0.0,0.0,0.0,0.0,0.0,-0.6804467464990622,-0.4558552979479144,-0.6359079710883869,-0.5450748307319213,1.0541092443093494,0.09698155035593341,-0.24889134708717228,1,Sweeper Keeper
250066521,Nordin Jackers,Belgium,Goalkeeper,GOALKEEPER,72.39113474292537,185.0,27,50043,Belgium,Club Brugge KV,0.0,0.0,0.0,0.0,0.0,0.0,0.0,0.0,0.0,0.0,0.0,0.0,0.0,0.0,0.0,0,0,0.0,0.0,0.0,0.0,0.0,0.0,0.0,0.0,0.0,0.0,0.0,0.0,0.0,0.0,0.0,0.0,0.0,0.0,0.0,0.0,0.0,0.0,0.0,0.0,0.0,0.0,0.0,0.0,0.0,0.0,0.0,0.0,0.0,0.0,0.0,0.0,-0.6804467464990622,-0.4558552979479144,-0.6359079710883869,-0.5450748307319213,-1.0352542509756588,-1.386024033329638,-0.24889134708717228,1,Sweeper Keeper
250061507,Neto,Brazil,Goalkeeper,GOALKEEPER,82.40306357377499,191.0,35,52280,England,Arsenal FC,0.0,0.0,0.0,0.0,0.0,0.0,0.0,0.0,0.0,0.0,0.0,0.0,0.0,0.0,0.0,0,0,0.0,0.0,0.0,0.0,0.0,0.0,0.0,0.0,0.0,0.0,0.0,0.0,0.0,0.0,0.0,0.0,0.0,0.0,0.0,0.0,0.0,0.0,0.0,0.0,0.0,0.0,0.0,0.0,0.0,0.0,0.0,0.0,0.0,0.0,0.0,0.0,-0.6804467464990622,-0.4558552979479144,-0.6359079710883869,-0.5450748307319213,1.0541092443093494,1.0329611479455278,-0.24889134708717228,1,Sweeper Keeper
250058121,Vojtěch Vorel,Czechia,Goalkeeper,UNKNOWN,80.32031789941551,190.0,28,50033,Czechia,AC Sparta Praha,0.0,0.0,0.0,0.0,0.0,0.0,0.0,0.0,0.0,0.0,0.0,0.0,0.0,0.0,0.0,0,0,0.0,0.0,0.0,0.0,0.0,0.0,0.0,0.0,0.0,0.0,0.0,0.0,0.0,0.0,0.0,0.0,0.0,0.0,0.0,0.0,0.0,0.0,0.0,0.0,0.0,0.0,0.0,0.0,0.0,0.0,0.0,0.0,0.0,0.0,0.0,0.0,-0.6804467464990622,-0.4558552979479144,-0.6359079710883869,-0.5450748307319213,0.7058819950951812,0.5297483297404488,-0.24889134708717228,1,Sweeper Keeper
250056735,Ivan Filipović,Croatia,Goalkeeper,UNKNOWN,73.09989465992273,186.6618522647199,29,50164,Croatia,GNK Dinamo,0.0,0.0,0.0,0.0,0.0,0.0,0.0,0.0,0.0,0.0,0.0,0.0,0.0,0.0,0.0,0,0,0.0,0.0,0.0,0.0,0.0,0.0,0.0,0.0,0.0,0.0,0.0,0.0,0.0,0.0,0.0,0.0,0.0,0.0,0.0,0.0,0.0,0.0,0.0,0.0,0.0,0.0,0.0,0.0,0.0,0.0,0.0,0.0,0.0,0.0,0.0,0.0,-0.6804467464990622,-0.4558552979479144,-0.6359079710883869,-0.5450748307319213,-0.45655200823191366,-1.214780333412834,-0.24889134708717228,1,Sweeper Keeper
250040599,Niklas Lomb,Germany,Goalkeeper,GOALKEEPER,82.74053228582675,188.0,31,50109,Germany,Bayer 04 Leverkusen,0.0,0.0,0.0,0.0,0.0,0.0,0.0,0.0,0.0,0.0,0.0,0.0,0.0,0.0,0.0,0,0,0.0,0.0,0.0,0.0,0.0,0.0,0.0,0.0,0.0,0.0,0.0,0.0,0.0,0.0,0.0,0.0,0.0,0.0,0.0,0.0,0.0,0.0,0.0,0.0,0.0,0.0,0.0,0.0,0.0,0.0,0.0,0.0,0.0,0.0,0.0,0.0,-0.6804467464990622,-0.4558552979479144,-0.6359079710883869,-0.5450748307319213,0.009427496666845227,1.114497066487205,-0.24889134708717228,1,Sweeper Keeper
250017814,Raffaele Di Gennaro,Italy,Goalkeeper,GOALKEEPER,78.59992082516892,188.27347366401764,31,50138,Italy,FC Internazionale Milano,0.0,0.0,0.0,0.0,0.0,0.0,0.0,0.0,0.0,0.0,0.0,0.0,0.0,0.0,0.0,0,0,0.0,0.0,0.0,0.0,0.0,0.0,0.0,0.0,0.0,0.0,0.0,0.0,0.0,0.0,0.0,0.0,0.0,0.0,0.0,0.0,0.0,0.0,0.0,0.0,0.0,0.0,0.0,0.0,0.0,0.0,0.0,0.0,0.0,0.0,0.0,0.0,-0.6804467464990622,-0.4558552979479144,-0.6359079710883869,-0.5450748307319213,0.10465847842022886,0.11408266742685635,-0.24889134708717228,1,Sweeper Keeper
250015753,Francesco Rossi,Italy,Goalkeeper,GOALKEEPER,76.44904760878985,185.45007125060974,33,52816,Italy,Atalanta BC,0.0,0.0,0.0,0.0,0.0,0.0,0.0,0.0,0.0,0.0,0.0,0.0,0.0,0.0,0.0,0,0,0.0,0.0,0.0,0.0,0.0,0.0,0.0,0.0,0.0,0.0,0.0,0.0,0.0,0.0,0.0,0.0,0.0,0.0,0.0,0.0,0.0,0.0,0.0,0.0,0.0,0.0,0.0,0.0,0.0,0.0,0.0,0.0,0.0,0.0,0.0,0.0,-0.6804467464990622,-0.4558552979479144,-0.6359079710883869,-0.5450748307319213,-0.8785271774254492,-0.4055904670036347,-0.24889134708717228,1,Sweeper Keeper
250011071,Scott Bain,Scotland,Goalkeeper,GOALKEEPER,76.8696552797456,186.53541241014992,32,50050,Scotland,Celtic FC,0.0,0.0,0.0,0.0,0.0,0.0,0.0,0.0,0.0,0.0,0.0,0.0,0.0,0.0,0.0,0,0,0.0,0.0,0.0,0.0,0.0,0.0,0.0,0.0,0.0,0.0,0.0,0.0,0.0,0.0,0.0,0.0,0.0,0.0,0.0,0.0,0.0,0.0,0.0,0.0,0.0,0.0,0.0,0.0,0.0,0.0,0.0,0.0,0.0,0.0,0.0,0.0,-0.6804467464990622,-0.4558552979479144,-0.6359079710883869,-0.5450748307319213,-0.5005818109798574,-0.30396731922040465,-0.24889134708717228,1,Sweeper Keeper
250000104,Carlo Pinsoglio,Italy,Goalkeeper,UNKNOWN,76.97887457911938,187.91583236931555,34,50139,Italy,Juventus,0.0,0.0,0.0,0.0,0.0,0.0,0.0,0.0,0.0,0.0,0.0,0.0,0.0,0.0,0.0,0,0,0.0,0.0,0.0,0.0,0.0,0.0,0.0,0.0,0.0,0.0,0.0,0.0,0.0,0.0,0.0,0.0,0.0,0.0,0.0,0.0,0.0,0.0,0.0,0.0,0.0,0.0,0.0,0.0,0.0,0.0,0.0,0.0,0.0,0.0,0.0,0.0,-0.6804467464990622,-0.4558552979479144,-0.6359079710883869,-0.5450748307319213,-0.019881965839273985,-0.2775788109561083,-0.24889134708717228,1,Sweeper Keeper
108501,Wojciech Szczęsny,Poland,Goalkeeper,GOALKEEPER,82.98814243639482,196.0,34,50080,Spain,FC Barcelona,0.0,0.0,0.0,0.0,0.0,0.0,0.0,0.0,0.0,0.0,0.0,0.0,0.0,0.0,0.0,0,0,0.0,0.0,0.0,0.0,0.0,0.0,0.0,0.0,0.0,0.0,0.0,0.0,0.0,0.0,0.0,0.0,0.0,0.0,0.0,0.0,0.0,0.0,0.0,0.0,0.0,0.0,0.0,0.0,0.0,0.0,0.0,0.0,0.0,0.0,0.0,0.0,-0.6804467464990622,-0.4558552979479144,-0.6359079710883869,-0.5450748307319213,2.7952454903801893,1.174322230556681,-0.24889134708717228,1,Sweeper Keeper
101585,Vito Mannone,Italy,Goalkeeper,UNKNOWN,83.81354057535219,192.0,36,75797,France,LOSC Lille,0.0,0.0,0.0,0.0,0.0,0.0,0.0,0.0,0.0,0.0,0.0,0.0,0.0,0.0,0.0,0,0,0.0,0.0,0.0,0.0,0.0,0.0,0.0,0.0,0.0,0.0,0.0,0.0,0.0,0.0,0.0,0.0,0.0,0.0,0.0,0.0,0.0,0.0,0.0,0.0,0.0,0.0,0.0,0.0,0.0,0.0,0.0,0.0,0.0,0.0,0.0,0.0,-0.6804467464990622,-0.4558552979479144,-0.6359079710883869,-0.5450748307319213,1.4023364935235174,1.3737469268887004,-0.24889134708717228,1,Sweeper Keeper
